Country,ISO-3166-Alpha2,ISO-3166-Alpha3,population,Lat,Long
Afghanistan,AF,AFG,38928341,33.93911,67.709953
Albania,AL,ALB,2837743,41.153332,20.168331
Algeria,DZ,DZA,43851043,28.033886,1.659626
American Samoa,AS,ASM,55197,-14.270972,-170.132217
Andorra,AD,AND,77265,42.546245,1.601554
Angola,AO,AGO,32866268,-11.202692,17.873887
Antigua and Barbuda,AG,ATG,97928,17.060816,-61.796428
Argentina,AR,ARG,45376763,-38.416097,-63.616672
Armenia,AM,ARM,2963234,40.069099,45.038189
Aruba,AW,ABW,106766,12.52111,-69.968338
Australia,AU,AUS,25687041,-25.274398,133.775136
Austria,AT,AUT,8917205,47.516231,14.550072
Azerbaijan,AZ,AZE,10093121,40.143105,47.576927
Bahamas,BS,BHS,393248,25.03428,-77.39628
Bahrain,BH,BHR,1701583,25.930414,50.637772
Bangladesh,BD,BGD,164689383,23.684994,90.356331
Barbados,BB,BRB,287371,13.193887,-59.543198
Belarus,BY,BLR,9379952,53.709807,27.953389
Belgium,BE,BEL,11555997,50.503887,4.469936
Belize,BZ,BLZ,397621,17.189877,-88.49765
Benin,BJ,BEN,12123198,9.30769,2.315834
Bermuda,BM,BMU,63903,32.321384,-64.75737
Bhutan,BT,BTN,771612,27.514162,90.433601
Bolivia,BO,BOL,11673029,-16.290154,-63.588653
Bosnia and Herzegovina,BA,BIH,3280815,43.915886,17.679076
Botswana,BW,BWA,2351625,-22.328474,24.684866
Brazil,BR,BRA,212559409,-14.235004,-51.92528
British Virgin Islands,VG,VGB,30237,18.420695,-64.639968
Brunei,BN,BRN,437483,4.535277,114.727669
Bulgaria,BG,BGR,6934015,42.733883,25.48583
Burkina Faso,BF,BFA,20903278,12.238333,-1.561593
Burundi,BI,BDI,11890781,-3.373056,29.918886
Cambodia,KH,KHM,16718971,12.565679,104.990963
Cameroon,CM,CMR,26545864,7.369722,12.354722
Canada,CA,CAN,38005238,56.130366,-106.346771
Cape Verde,CV,CPV,555988,16.002082,-24.013197
Cayman Islands,KY,CYM,65720,19.513469,-80.566956
Central African Republic,CF,CAF,4829764,6.611111,20.939444
Chad,TD,TCD,16425859,15.454166,18.732207
Chile,CL,CHL,19116209,-35.675147,-71.542969
China,CN,CHN,1410929362,35.86166,104.195397
Colombia,CO,COL,50882884,4.570868,-74.297333
Comoros,KM,COM,869595,-11.875001,43.872219
Costa Rica,CR,CRI,5094114,9.748917,-83.753428
Croatia,HR,HRV,4047200,45.1,15.2
Cuba,CU,CUB,11326616,21.521757,-77.781167
Cyprus,CY,CYP,1207361,35.126413,33.429859
Czech Republic,CZ,CZE,10698896,49.817492,15.472962
Democratic Republic of the Congo,CD,COD,89561404,-4.038333,21.758664
Denmark,DK,DNK,5831404,56.26392,9.501785
Djibouti,DJ,DJI,988002,11.825138,42.590275
Dominica,DM,DMA,71991,15.414999,-61.370976
Dominican Republic,DO,DOM,10847904,18.735693,-70.162651
East Timor,TL,TLS,1318442,-8.874217,125.727539
Ecuador,EC,ECU,17643060,-1.831239,-78.183406
Egypt,EG,EGY,102334403,26.820553,30.802498
El Salvador,SV,SLV,6486201,13.794185,-88.89653
Equatorial Guinea,GQ,GNQ,1402985,1.650801,10.267895
Eritrea,ER,ERI,0,15.179384,39.782334
Estonia,EE,EST,1331057,58.595272,25.013607
Ethiopia,ET,ETH,114963583,9.145,40.489673
Faroe Islands,FO,FRO,48865,61.892635,-6.911806
Fiji,FJ,FJI,896444,-16.578193,179.414413
Finland,FI,FIN,5530719,61.92411,25.748151
France,FR,FRA,67391582,46.227638,2.213749
French Polynesia,PF,PYF,280904,-17.679742,-149.406843
Gabon,GA,GAB,2225728,-0.803689,11.609444
Gambia,GM,GMB,2416664,13.443182,-15.310139
Georgia,GE,GEO,3714000,42.315407,43.356892
Germany,DE,DEU,83240525,51.165691,10.451526
Ghana,GH,GHA,31072945,7.946527,-1.023194
Gibraltar,GI,GIB,33691,36.137741,-5.345374
Greece,GR,GRC,10715549,39.074208,21.824312
Greenland,GL,GRL,56367,71.706936,-42.604303
Grenada,GD,GRD,112519,12.262776,-61.604171
Guam,GU,GUM,168783,13.444304,144.793731
Guatemala,GT,GTM,16858333,15.783471,-90.230759
Guinea,GN,GIN,13132792,9.945587,-9.696645
Guinea-Bissau,GW,GNB,1967998,11.803749,-15.180413
Guyana,GY,GUY,786559,4.860416,-58.93018
Haiti,HT,HTI,11402533,18.971187,-72.285215
Honduras,HN,HND,9904608,15.199999,-86.241905
Hong Kong,HK,HKG,7481800,22.396428,114.109497
Hungary,HU,HUN,9749763,47.162494,19.503304
Iceland,IS,ISL,366425,64.963051,-19.020835
India,IN,IND,1380004385,20.593684,78.96288
Indonesia,ID,IDN,273523621,-0.789275,113.921327
Iran,IR,IRN,83992953,32.427908,53.688046
Iraq,IQ,IRQ,40222503,33.223191,43.679291
Ireland,IE,IRL,4994724,53.41291,-8.24389
Isle of Man,IM,IMN,85032,54.236107,-4.548056
Israel,IL,ISR,9216900,31.046051,34.851612
Italy,IT,ITA,59554023,41.87194,12.56738
Ivory Coast,CI,CIV,26378275,7.539989,-5.54708
Jamaica,JM,JAM,2961161,18.109581,-77.297508
Japan,JP,JPN,125836021,36.204824,138.252924
Jordan,JO,JOR,10203140,30.585164,36.238414
Kazakhstan,KZ,KAZ,18754440,48.019573,66.923684
Kenya,KE,KEN,53771300,-0.023559,37.906193
Kiribati,KI,KIR,119446,-3.370417,-168.734039
Kuwait,KW,KWT,4270563,29.31166,47.481766
Kyrgyzstan,KG,KGZ,6591600,41.20438,74.766098
Laos,LA,LAO,7275556,19.85627,102.495496
Latvia,LV,LVA,1901548,56.879635,24.603189
Lebanon,LB,LBN,6825442,33.854721,35.862285
Lesotho,LS,LSO,2142252,-29.609988,28.233608
Liberia,LR,LBR,5057677,6.428055,-9.429499
Libya,LY,LBY,6871287,26.3351,17.228331
Liechtenstein,LI,LIE,38137,47.166,9.555373
Lithuania,LT,LTU,2794700,55.169438,23.881275
Luxembourg,LU,LUX,632275,49.815273,6.129583
Macao,MO,MAC,649342,22.198745,113.543873
Macedonia,MK,MKD,2072531,41.608635,21.745275
Madagascar,MG,MDG,27691019,-18.766947,46.869107
Malawi,MW,MWI,19129955,-13.254308,34.301525
Malaysia,MY,MYS,32365998,4.210484,101.975766
Maldives,MV,MDV,540542,3.202778,73.22068
Mali,ML,MLI,20250834,17.570692,-3.996166
Malta,MT,MLT,525285,35.937496,14.375416
Marshall Islands,MH,MHL,59194,7.131474,171.184478
Mauritania,MR,MRT,4649660,21.00789,-10.940835
Mauritius,MU,MUS,1265740,-20.348404,57.552152
Mexico,MX,MEX,128932753,23.634501,-102.552784
Micronesia,FM,FSM,115021,7.425554,150.550812
Moldova,MD,MDA,2620495,47.411631,28.369885
Monaco,MC,MCO,39244,43.750298,7.412841
Mongolia,MN,MNG,3278292,46.862496,103.846656
Montenegro,ME,MNE,621306,42.708678,19.37439
Morocco,MA,MAR,36910558,31.791702,-7.09262
Mozambique,MZ,MOZ,31255435,-18.665695,35.529562
Myanmar,MM,MMR,54409794,21.913965,95.956223
Namibia,,NAM,2540916,-22.95764,18.49041
Nauru,NR,NRU,10834,-0.522778,166.931503
Nepal,NP,NPL,29136808,28.394857,84.124008
Netherlands,NL,NLD,17441139,52.132633,5.291266
New Caledonia,NC,NCL,271960,-20.904305,165.618042
New Zealand,NZ,NZL,5084300,-40.900557,174.885971
Nicaragua,NI,NIC,6624554,12.865416,-85.207229
Niger,NE,NER,24206636,17.607789,8.081666
Nigeria,NG,NGA,206139587,9.081999,8.675277
North Korea,KP,PRK,25778815,40.339852,127.510093
Northern Mariana Islands,MP,MNP,57557,17.33083,145.38469
Norway,NO,NOR,5379475,60.472024,8.468946
Oman,OM,OMN,5106622,21.512583,55.923255
Pakistan,PK,PAK,220892331,30.375321,69.345116
Palau,PW,PLW,18092,7.51498,134.58252
Palestinian Territory,PS,PSE,4803269,31.952162,35.233154
Panama,PA,PAN,4314768,8.537981,-80.782127
Papua New Guinea,PG,PNG,8947027,-6.314993,143.95555
Paraguay,PY,PRY,7132530,-23.442503,-58.443832
Peru,PE,PER,32971846,-9.189967,-75.015152
Philippines,PH,PHL,109581085,12.879721,121.774017
Poland,PL,POL,37950802,51.919438,19.145136
Portugal,PT,PRT,10305564,39.399872,-8.224454
Puerto Rico,PR,PRI,3194034,18.220833,-66.590149
Qatar,QA,QAT,2881060,25.354826,51.183884
Republic of the Congo,CG,COG,5518092,-0.228021,15.827659
Romania,RO,ROU,19286123,45.943161,24.96676
Russia,RU,RUS,144104080,61.52401,105.318756
Rwanda,RW,RWA,12952209,-1.940278,29.873888
Saint Kitts and Nevis,KN,KNA,53192,17.357822,-62.782998
Saint Lucia,LC,LCA,183629,13.909444,-60.978893
Saint Vincent and the Grenadines,VC,VCT,110947,12.984305,-61.287228
Samoa,WS,WSM,198410,-13.759029,-172.104629
San Marino,SM,SMR,33938,43.94236,12.457777
Sao Tome and Principe,ST,STP,219161,0.18636,6.613081
Saudi Arabia,SA,SAU,34813867,23.885942,45.079162
Senegal,SN,SEN,16743930,14.497401,-14.452362
Serbia,RS,SRB,6908224,44.016521,21.005859
Seychelles,SC,SYC,98462,-4.679574,55.491977
Sierra Leone,SL,SLE,7976985,8.460555,-11.779889
Singapore,SG,SGP,5685807,1.352083,103.819836
Slovakia,SK,SVK,5458827,48.669026,19.699024
Slovenia,SI,SVN,2100126,46.151241,14.995463
Solomon Islands,SB,SLB,686878,-9.64571,160.156194
Somalia,SO,SOM,15893219,5.152149,46.199616
South Africa,ZA,ZAF,59308690,-30.559482,22.937506
South Korea,KR,KOR,51780579,35.907757,127.766922
Spain,ES,ESP,47351567,40.463667,-3.74922
Sri Lanka,LK,LKA,21919000,7.873054,80.771797
Sudan,SD,SDN,43849269,12.862807,30.217636
Suriname,SR,SUR,586634,3.919305,-56.027783
Swaziland,SZ,SWZ,1160164,-26.522503,31.465866
Sweden,SE,SWE,10353442,60.128161,18.643501
Switzerland,CH,CHE,8636896,46.818188,8.227512
Syria,SY,SYR,17500657,34.802075,38.996815
Tajikistan,TJ,TJK,9537642,38.861034,71.276093
Tanzania,TZ,TZA,59734213,-6.369028,34.888822
Thailand,TH,THA,69799978,15.870032,100.992541
Togo,TG,TGO,8278737,8.619543,0.824782
Tonga,TO,TON,105697,-21.178986,-175.198242
Trinidad and Tobago,TT,TTO,1399491,10.691803,-61.222503
Tunisia,TN,TUN,11818618,33.886917,9.537499
Turkey,TR,TUR,84339067,38.963745,35.243322
Turkmenistan,TM,TKM,6031187,38.969719,59.556278
Turks and Caicos Islands,TC,TCA,38718,21.694025,-71.797928
Tuvalu,TV,TUV,11792,-7.109535,177.64933
U.S. Virgin Islands,VI,VIR,106290,18.335765,-64.896335
Uganda,UG,UGA,45741000,1.373333,32.290275
Ukraine,UA,UKR,44134693,48.379433,31.16558
United Arab Emirates,AE,ARE,9890400,23.424076,53.847818
United Kingdom,GB,GBR,67215293,55.378051,-3.435973
United States,US,USA,329484123,37.09024,-95.712891
Uruguay,UY,URY,3473727,-32.522779,-55.765835
Uzbekistan,UZ,UZB,34232050,41.377491,64.585262
Vanuatu,VU,VUT,307150,-15.376706,166.959158
Venezuela,VE,VEN,28435943,6.42375,-66.58973
Vietnam,VN,VNM,97338583,14.058324,108.277199
Yemen,YE,YEM,29825968,15.552727,48.516388
Zambia,ZM,ZMB,18383956,-13.133897,27.849332
Zimbabwe,ZW,ZWE,14862927,-19.015438,29.154857
