ISO-3166-Alpha2,Country/Region,Lat,Long,1/22/20,1/23/20,1/24/20,1/25/20,1/26/20,1/27/20,1/28/20,1/29/20,1/30/20,1/31/20,2/1/20,2/2/20,2/3/20,2/4/20,2/5/20,2/6/20,2/7/20,2/8/20,2/9/20,2/10/20,2/11/20,2/12/20,2/13/20,2/14/20,2/15/20,2/16/20,2/17/20,2/18/20,2/19/20,2/20/20,2/21/20,2/22/20,2/23/20,2/24/20,2/25/20,2/26/20,2/27/20,2/28/20,2/29/20,3/1/20,3/2/20,3/3/20,3/4/20,3/5/20,3/6/20,3/7/20,3/8/20,3/9/20,3/10/20,3/11/20,3/12/20,3/13/20,3/14/20,3/15/20,3/16/20,3/17/20,3/18/20,3/19/20,3/20/20,3/21/20,3/22/20,3/23/20,3/24/20,3/25/20,3/26/20,3/27/20,3/28/20,3/29/20,3/30/20,3/31/20,4/1/20,4/2/20,4/3/20,4/4/20,4/5/20,4/6/20,4/7/20,4/8/20,4/9/20,4/10/20,4/11/20,4/12/20,4/13/20,4/14/20,4/15/20,4/16/20,4/17/20,4/18/20,4/19/20,4/20/20,4/21/20,4/22/20,4/23/20,4/24/20,4/25/20,4/26/20,4/27/20,4/28/20,4/29/20,4/30/20,5/1/20,5/2/20,5/3/20,5/4/20,5/5/20,5/6/20,5/7/20,5/8/20,5/9/20,5/10/20,5/11/20,5/12/20,5/13/20,5/14/20,5/15/20,5/16/20,5/17/20,5/18/20,5/19/20,5/20/20,5/21/20,5/22/20,5/23/20,5/24/20,5/25/20,5/26/20,5/27/20,5/28/20,5/29/20,5/30/20,5/31/20,6/1/20,6/2/20,6/3/20,6/4/20,6/5/20,6/6/20,6/7/20,6/8/20,6/9/20,6/10/20,6/11/20,6/12/20,6/13/20,6/14/20,6/15/20,6/16/20,6/17/20,6/18/20,6/19/20,6/20/20,6/21/20,6/22/20,6/23/20,6/24/20,6/25/20,6/26/20,6/27/20,6/28/20,6/29/20,6/30/20,7/1/20,7/2/20,7/3/20,7/4/20,7/5/20,7/6/20,7/7/20,7/8/20,7/9/20,7/10/20,7/11/20,7/12/20,7/13/20,7/14/20,7/15/20,7/16/20,7/17/20,7/18/20,7/19/20,7/20/20,7/21/20,7/22/20,7/23/20,7/24/20,7/25/20,7/26/20,7/27/20,7/28/20,7/29/20,7/30/20,7/31/20,8/1/20,8/2/20,8/3/20,8/4/20,8/5/20,8/6/20,8/7/20,8/8/20,8/9/20,8/10/20,8/11/20,8/12/20,8/13/20,8/14/20,8/15/20,8/16/20,8/17/20,8/18/20,8/19/20,8/20/20,8/21/20,8/22/20,8/23/20,8/24/20,8/25/20,8/26/20,8/27/20,8/28/20,8/29/20,8/30/20,8/31/20,9/1/20,9/2/20,9/3/20,9/4/20,9/5/20,9/6/20,9/7/20,9/8/20,9/9/20,9/10/20,9/11/20,9/12/20,9/13/20,9/14/20,9/15/20,9/16/20,9/17/20,9/18/20,9/19/20,9/20/20,9/21/20,9/22/20,9/23/20,9/24/20,9/25/20,9/26/20,9/27/20,9/28/20,9/29/20,9/30/20,10/1/20,10/2/20,10/3/20,10/4/20,10/5/20,10/6/20,10/7/20,10/8/20,10/9/20,10/10/20,10/11/20,10/12/20,10/13/20
AD,Andorra,42.546245,1.601554,0.0,0.0,0.0,0.0,0.0,0.0,0.0,0.0,0.0,0.0,0.0,0.0,0.0,0.0,0.0,0.0,0.0,0.0,0.0,0.0,0.0,0.0,0.0,0.0,0.0,0.0,0.0,0.0,0.0,0.0,0.0,0.0,0.0,0.0,0.0,0.0,0.0,0.0,0.0,0.0,1.0,1.0,1.0,1.0,1.0,1.0,1.0,1.0,1.0,1.0,1.0,1.0,1.0,1.0,2.0,39.0,39.0,53.0,75.0,88.0,113.0,133.0,164.0,188.0,224.0,267.0,308.0,334.0,370.0,376.0,390.0,428.0,439.0,466.0,501.0,525.0,545.0,564.0,583.0,601.0,601.0,638.0,646.0,659.0,673.0,673.0,696.0,704.0,713.0,717.0,717.0,723.0,723.0,731.0,738.0,738.0,743.0,743.0,743.0,745.0,745.0,747.0,748.0,750.0,751.0,751.0,752.0,752.0,754.0,755.0,755.0,758.0,760.0,761.0,761.0,761.0,761.0,761.0,761.0,762.0,762.0,762.0,762.0,762.0,763.0,763.0,763.0,763.0,764.0,764.0,764.0,765.0,844.0,851.0,852.0,852.0,852.0,852.0,852.0,852.0,852.0,852.0,853.0,853.0,853.0,853.0,854.0,854.0,855.0,855.0,855.0,855.0,855.0,855.0,855.0,855.0,855.0,855.0,855.0,855.0,855.0,855.0,855.0,855.0,855.0,855.0,855.0,855.0,855.0,855.0,855.0,855.0,855.0,858.0,861.0,862.0,877.0,880.0,880.0,880.0,884.0,884.0,889.0,889.0,897.0,897.0,897.0,907.0,907.0,918.0,922.0,925.0,925.0,925.0,937.0,939.0,939.0,944.0,955.0,955.0,955.0,963.0,963.0,977.0,981.0,989.0,989.0,989.0,1005.0,1005.0,1024.0,1024.0,1045.0,1045.0,1045.0,1060.0,1060.0,1098.0,1098.0,1124.0,1124.0,1124.0,1176.0,1184.0,1199.0,1199.0,1215.0,1215.0,1215.0,1261.0,1261.0,1301.0,1301.0,1344.0,1344.0,1344.0,1438.0,1438.0,1483.0,1483.0,1564.0,1564.0,1564.0,1681.0,1681.0,1753.0,1753.0,1836.0,1836.0,1836.0,1966.0,1966.0,2050.0,2050.0,2110.0,2110.0,2110.0,2370.0,2370.0,2568.0,2568.0,2696.0,2696.0,2696.0,2995.0,2995.0
AL,Albania,41.153332,20.168331,0.0,0.0,0.0,0.0,0.0,0.0,0.0,0.0,0.0,0.0,0.0,0.0,0.0,0.0,0.0,0.0,0.0,0.0,0.0,0.0,0.0,0.0,0.0,0.0,0.0,0.0,0.0,0.0,0.0,0.0,0.0,0.0,0.0,0.0,0.0,0.0,0.0,0.0,0.0,0.0,0.0,0.0,0.0,0.0,0.0,0.0,0.0,2.0,10.0,12.0,23.0,33.0,38.0,42.0,51.0,55.0,59.0,64.0,70.0,76.0,89.0,104.0,123.0,146.0,174.0,186.0,197.0,212.0,223.0,243.0,259.0,277.0,304.0,333.0,361.0,377.0,383.0,400.0,409.0,416.0,433.0,446.0,467.0,475.0,494.0,518.0,539.0,548.0,562.0,584.0,609.0,634.0,663.0,678.0,712.0,726.0,736.0,750.0,766.0,773.0,782.0,789.0,795.0,803.0,820.0,832.0,842.0,850.0,856.0,868.0,872.0,876.0,880.0,898.0,916.0,933.0,946.0,948.0,949.0,964.0,969.0,981.0,989.0,998.0,1004.0,1029.0,1050.0,1076.0,1099.0,1122.0,1137.0,1143.0,1164.0,1184.0,1197.0,1212.0,1232.0,1246.0,1263.0,1299.0,1341.0,1385.0,1416.0,1464.0,1521.0,1590.0,1672.0,1722.0,1788.0,1838.0,1891.0,1962.0,1995.0,2047.0,2114.0,2192.0,2269.0,2330.0,2402.0,2466.0,2535.0,2580.0,2662.0,2752.0,2819.0,2893.0,2964.0,3038.0,3106.0,3188.0,3278.0,3371.0,3454.0,3571.0,3667.0,3752.0,3851.0,3906.0,4008.0,4090.0,4171.0,4290.0,4358.0,4466.0,4570.0,4637.0,4763.0,4880.0,4997.0,5105.0,5197.0,5276.0,5396.0,5519.0,5620.0,5750.0,5889.0,6016.0,6151.0,6275.0,6411.0,6536.0,6676.0,6817.0,6971.0,7117.0,7260.0,7380.0,7499.0,7654.0,7812.0,7967.0,8119.0,8275.0,8427.0,8605.0,8759.0,8927.0,9083.0,9195.0,9279.0,9380.0,9513.0,9606.0,9728.0,9844.0,9967.0,10102.0,10255.0,10406.0,10553.0,10704.0,10860.0,11021.0,11185.0,11353.0,11520.0,11672.0,11816.0,11948.0,12073.0,12226.0,12385.0,12535.0,12666.0,12787.0,12921.0,13045.0,13153.0,13259.0,13391.0,13518.0,13649.0,13806.0,13965.0,14117.0,14266.0,14410.0,14568.0,14730.0,14899.0,15066.0,15231.0,15399.0,15570.0,15752.0
AM,Armenia,40.069099,45.038189,0.0,0.0,0.0,0.0,0.0,0.0,0.0,0.0,0.0,0.0,0.0,0.0,0.0,0.0,0.0,0.0,0.0,0.0,0.0,0.0,0.0,0.0,0.0,0.0,0.0,0.0,0.0,0.0,0.0,0.0,0.0,0.0,0.0,0.0,0.0,0.0,0.0,0.0,0.0,1.0,1.0,1.0,1.0,1.0,1.0,1.0,1.0,1.0,1.0,1.0,4.0,8.0,18.0,26.0,52.0,78.0,84.0,115.0,136.0,160.0,194.0,235.0,249.0,265.0,290.0,329.0,407.0,424.0,482.0,532.0,571.0,663.0,736.0,770.0,822.0,833.0,853.0,881.0,921.0,937.0,967.0,1013.0,1039.0,1067.0,1111.0,1159.0,1201.0,1248.0,1291.0,1339.0,1401.0,1473.0,1523.0,1596.0,1677.0,1746.0,1808.0,1867.0,1932.0,2066.0,2148.0,2273.0,2386.0,2507.0,2619.0,2782.0,2884.0,3029.0,3175.0,3313.0,3392.0,3538.0,3718.0,3860.0,4044.0,4283.0,4472.0,4823.0,5041.0,5271.0,5606.0,5928.0,6302.0,6661.0,7113.0,7402.0,7774.0,8216.0,8676.0,8927.0,9282.0,9492.0,10009.0,10524.0,11221.0,11817.0,12364.0,13130.0,13325.0,13675.0,14103.0,14669.0,15281.0,16004.0,16667.0,17064.0,17489.0,18033.0,18698.0,19157.0,19708.0,20268.0,20588.0,21006.0,21717.0,22488.0,23247.0,23909.0,24645.0,25127.0,25542.0,26065.0,26658.0,27320.0,27900.0,28606.0,28936.0,29285.0,29820.0,30346.0,30903.0,31392.0,31969.0,32151.0,32490.0,33005.0,33559.0,34001.0,34462.0,34877.0,34981.0,35254.0,35693.0,36162.0,36613.0,36996.0,37317.0,37390.0,37629.0,37937.0,38196.0,38550.0,38841.0,39050.0,39102.0,39298.0,39586.0,39819.0,39985.0,40185.0,40410.0,40433.0,40593.0,40794.0,41023.0,41299.0,41495.0,41663.0,41701.0,41846.0,42056.0,42319.0,42477.0,42616.0,42792.0,42825.0,42936.0,43067.0,43270.0,43451.0,43626.0,43750.0,43781.0,43878.0,44075.0,44271.0,44461.0,44649.0,44783.0,44845.0,44953.0,45152.0,45326.0,45503.0,45675.0,45862.0,45969.0,46119.0,46376.0,46671.0,46910.0,47154.0,47431.0,47552.0,47667.0,47877.0,48251.0,48643.0,49072.0,49400.0,49574.0,49901.0,50359.0,50850.0,51382.0,51925.0,52496.0,52677.0,53083.0,53755.0,54473.0,55087.0,55736.0,56451.0,56821.0,57566.0
AT,Austria,47.516231,14.550072,0.0,0.0,0.0,0.0,0.0,0.0,0.0,0.0,0.0,0.0,0.0,0.0,0.0,0.0,0.0,0.0,0.0,0.0,0.0,0.0,0.0,0.0,0.0,0.0,0.0,0.0,0.0,0.0,0.0,0.0,0.0,0.0,0.0,0.0,2.0,2.0,3.0,3.0,9.0,14.0,18.0,21.0,29.0,41.0,55.0,79.0,104.0,131.0,182.0,246.0,302.0,504.0,655.0,860.0,1018.0,1332.0,1646.0,2013.0,2388.0,2814.0,3582.0,4474.0,5283.0,5588.0,6909.0,7657.0,8271.0,8788.0,9618.0,10180.0,10711.0,11129.0,11524.0,11781.0,12051.0,12297.0,12639.0,12942.0,13244.0,13555.0,13806.0,13945.0,14041.0,14226.0,14336.0,14476.0,14595.0,14671.0,14749.0,14795.0,14873.0,14925.0,15002.0,15071.0,15148.0,15225.0,15274.0,15357.0,15402.0,15452.0,15531.0,15558.0,15597.0,15621.0,15650.0,15684.0,15752.0,15774.0,15833.0,15871.0,15882.0,15961.0,15997.0,16058.0,16109.0,16201.0,16242.0,16269.0,16321.0,16353.0,16404.0,16436.0,16486.0,16503.0,16539.0,16557.0,16591.0,16628.0,16655.0,16685.0,16731.0,16733.0,16759.0,16771.0,16805.0,16843.0,16898.0,16902.0,16968.0,16979.0,17005.0,17034.0,17064.0,17078.0,17109.0,17135.0,17189.0,17203.0,17223.0,17271.0,17323.0,17341.0,17380.0,17408.0,17449.0,17477.0,17522.0,17580.0,17654.0,17723.0,17766.0,17873.0,17941.0,18050.0,18165.0,18280.0,18365.0,18421.0,18513.0,18615.0,18709.0,18783.0,18897.0,18948.0,19021.0,19154.0,19270.0,19439.0,19573.0,19655.0,19743.0,19827.0,19929.0,20099.0,20214.0,20338.0,20472.0,20558.0,20677.0,20850.0,20955.0,21130.0,21212.0,21304.0,21385.0,21481.0,21566.0,21696.0,21837.0,21919.0,22033.0,22106.0,22245.0,22439.0,22594.0,22876.0,23179.0,23370.0,23534.0,23829.0,24084.0,24431.0,24762.0,25062.0,25253.0,25495.0,25706.0,26033.0,26361.0,26590.0,26985.0,27166.0,27438.0,27642.0,27969.0,28372.0,28729.0,29087.0,29271.0,29561.0,30081.0,30583.0,31247.0,31827.0,32696.0,33159.0,33541.0,34305.0,35073.0,35853.0,36661.0,37474.0,38095.0,38658.0,39303.0,39984.0,40816.0,41500.0,42214.0,42876.0,43432.0,44041.0,44813.0,45686.0,46374.0,47432.0,48146.0,48896.0,49819.0,50848.0,52057.0,53188.0,54423.0,55319.0,56298.0,57326.0
AZ,Azerbaijan,40.143105,47.576927,0.0,0.0,0.0,0.0,0.0,0.0,0.0,0.0,0.0,0.0,0.0,0.0,0.0,0.0,0.0,0.0,0.0,0.0,0.0,0.0,0.0,0.0,0.0,0.0,0.0,0.0,0.0,0.0,0.0,0.0,0.0,0.0,0.0,0.0,0.0,0.0,0.0,0.0,0.0,3.0,3.0,3.0,3.0,6.0,6.0,9.0,9.0,9.0,11.0,11.0,11.0,15.0,15.0,23.0,28.0,28.0,28.0,44.0,44.0,53.0,65.0,72.0,87.0,93.0,122.0,165.0,182.0,209.0,273.0,298.0,359.0,400.0,443.0,521.0,584.0,641.0,717.0,822.0,926.0,991.0,1058.0,1098.0,1148.0,1197.0,1253.0,1283.0,1340.0,1373.0,1398.0,1436.0,1480.0,1518.0,1548.0,1592.0,1617.0,1645.0,1678.0,1717.0,1766.0,1804.0,1854.0,1894.0,1932.0,1984.0,2060.0,2127.0,2204.0,2279.0,2422.0,2519.0,2589.0,2693.0,2758.0,2879.0,2980.0,3138.0,3274.0,3387.0,3518.0,3631.0,3749.0,3855.0,3982.0,4122.0,4271.0,4403.0,4568.0,4759.0,4989.0,5246.0,5494.0,5662.0,5935.0,6260.0,6522.0,6860.0,7239.0,7553.0,7876.0,8191.0,8530.0,8882.0,9218.0,9570.0,9957.0,10324.0,10662.0,10991.0,11329.0,11767.0,12238.0,12729.0,13207.0,13715.0,14305.0,14852.0,15369.0,15890.0,16424.0,16968.0,17524.0,18112.0,18684.0,19267.0,19801.0,20324.0,20837.0,21374.0,21916.0,22464.0,22990.0,23521.0,24041.0,24570.0,25113.0,25672.0,26165.0,26636.0,27133.0,27521.0,27890.0,28242.0,28633.0,28980.0,29312.0,29633.0,30050.0,30446.0,30858.0,31221.0,31560.0,31878.0,32157.0,32443.0,32684.0,32910.0,33103.0,33247.0,33376.0,33481.0,33568.0,33647.0,33731.0,33824.0,33915.0,34018.0,34107.0,34219.0,34343.0,34474.0,34620.0,34759.0,34921.0,35105.0,35274.0,35426.0,35559.0,35707.0,35844.0,35986.0,36174.0,36309.0,36435.0,36578.0,36732.0,36899.0,37031.0,37192.0,37329.0,37418.0,37557.0,37732.0,37874.0,38037.0,38172.0,38327.0,38403.0,38517.0,38658.0,38777.0,38894.0,39042.0,39188.0,39280.0,39378.0,39524.0,39686.0,39787.0,39895.0,40023.0,40061.0,40119.0,40229.0,40309.0,40453.0,40561.0,40691.0,40788.0,40931.0,41113.0,41304.0,41519.0,41752.0,41982.0,42104.0,42381.0
BA,Bosnia and Herzegovina,43.915886,17.679076,0.0,0.0,0.0,0.0,0.0,0.0,0.0,0.0,0.0,0.0,0.0,0.0,0.0,0.0,0.0,0.0,0.0,0.0,0.0,0.0,0.0,0.0,0.0,0.0,0.0,0.0,0.0,0.0,0.0,0.0,0.0,0.0,0.0,0.0,0.0,0.0,0.0,0.0,0.0,0.0,0.0,0.0,0.0,2.0,2.0,3.0,3.0,3.0,5.0,7.0,11.0,13.0,18.0,24.0,25.0,26.0,38.0,63.0,89.0,93.0,126.0,136.0,166.0,176.0,191.0,237.0,258.0,323.0,368.0,420.0,459.0,533.0,579.0,624.0,654.0,674.0,764.0,804.0,858.0,901.0,946.0,1009.0,1037.0,1083.0,1110.0,1167.0,1214.0,1268.0,1285.0,1309.0,1342.0,1368.0,1413.0,1421.0,1486.0,1516.0,1565.0,1585.0,1677.0,1757.0,1781.0,1839.0,1857.0,1926.0,1946.0,1987.0,2027.0,2070.0,2090.0,2117.0,2141.0,2158.0,2181.0,2218.0,2236.0,2267.0,2290.0,2304.0,2321.0,2338.0,2350.0,2372.0,2391.0,2401.0,2406.0,2416.0,2435.0,2462.0,2485.0,2494.0,2510.0,2524.0,2535.0,2551.0,2594.0,2606.0,2606.0,2606.0,2704.0,2728.0,2775.0,2832.0,2893.0,2893.0,2893.0,3040.0,3085.0,3141.0,3174.0,3273.0,3273.0,3273.0,3525.0,3588.0,3676.0,3796.0,3935.0,3935.0,3935.0,4325.0,4453.0,4606.0,4788.0,4962.0,4962.0,4962.0,5458.0,5621.0,5869.0,6086.0,6402.0,6719.0,6877.0,6981.0,6981.0,7411.0,7681.0,7908.0,8161.0,8340.0,8479.0,8787.0,9115.0,9462.0,9767.0,9767.0,9767.0,10498.0,10766.0,11127.0,11444.0,11876.0,11876.0,12296.0,12462.0,12856.0,13138.0,13396.0,13687.0,13687.0,13687.0,14498.0,14708.0,14961.0,15184.0,15535.0,15801.0,15801.0,16111.0,16351.0,16691.0,17029.0,17396.0,17715.0,17715.0,18029.0,18326.0,18609.0,18920.0,19214.0,19550.0,19793.0,19964.0,20234.0,20517.0,20804.0,21142.0,21439.0,21560.0,21660.0,21961.0,22258.0,22544.0,22834.0,23138.0,23465.0,23635.0,23929.0,24211.0,24605.0,24897.0,25217.0,25428.0,25521.0,25737.0,26081.0,26316.0,26564.0,26797.0,26920.0,27001.0,27226.0,27469.0,27749.0,27975.0,27975.0,28354.0,28449.0,28710.0,29075.0,29528.0,29917.0,30345.0,30647.0,30837.0,31173.0
BE,Belgium,50.503887,4.469936,0.0,0.0,0.0,0.0,0.0,0.0,0.0,0.0,0.0,0.0,0.0,0.0,0.0,1.0,1.0,1.0,1.0,1.0,1.0,1.0,1.0,1.0,1.0,1.0,1.0,1.0,1.0,1.0,1.0,1.0,1.0,1.0,1.0,1.0,1.0,1.0,1.0,1.0,1.0,2.0,8.0,13.0,23.0,50.0,109.0,169.0,200.0,239.0,267.0,314.0,314.0,559.0,689.0,886.0,1058.0,1243.0,1486.0,1795.0,2257.0,2815.0,3401.0,3743.0,4269.0,4937.0,6235.0,7284.0,9134.0,10836.0,11899.0,12775.0,13964.0,15348.0,16770.0,18431.0,19691.0,20814.0,22194.0,23403.0,24983.0,26667.0,28018.0,29647.0,30589.0,31119.0,33573.0,34809.0,36138.0,37183.0,38496.0,39983.0,40956.0,41889.0,42797.0,44293.0,45325.0,46134.0,46687.0,47334.0,47859.0,48519.0,49032.0,49517.0,49906.0,50267.0,50509.0,50781.0,51420.0,52011.0,52596.0,53081.0,53449.0,53779.0,53981.0,54288.0,54644.0,54989.0,55280.0,55559.0,55791.0,55983.0,56235.0,56511.0,56810.0,57092.0,57342.0,57455.0,57592.0,57849.0,58061.0,58186.0,58381.0,58517.0,58615.0,58685.0,58767.0,58907.0,59072.0,59226.0,59348.0,59437.0,59569.0,59711.0,59819.0,59918.0,60029.0,60100.0,60155.0,60244.0,60348.0,60476.0,60550.0,60550.0,60550.0,60810.0,60898.0,61007.0,61106.0,61209.0,61295.0,61361.0,61427.0,61509.0,61598.0,61727.0,61838.0,62016.0,62058.0,62058.0,62123.0,62210.0,62357.0,62469.0,62707.0,62707.0,62781.0,62872.0,63238.0,63499.0,63706.0,63706.0,64094.0,64258.0,64627.0,64847.0,65199.0,65727.0,66026.0,66428.0,66662.0,67335.0,68006.0,68751.0,69402.0,69849.0,70314.0,70648.0,71158.0,72016.0,72784.0,73401.0,74152.0,74620.0,75008.0,75647.0,76191.0,77113.0,77869.0,78323.0,78534.0,78897.0,79479.0,80178.0,80894.0,81468.0,81936.0,82092.0,82447.0,83030.0,83500.0,83952.0,84599.0,85042.0,85236.0,85487.0,85911.0,86544.0,87174.0,87825.0,88367.0,88769.0,89141.0,89691.0,90568.0,91537.0,92478.0,93455.0,94306.0,94795.0,95948.0,97976.0,99649.0,100748.0,102295.0,103392.0,105226.0,106887.0,108768.0,110976.0,112803.0,114179.0,115353.0,117115.0,118452.0,121059.0,124234.0,127623.0,130235.0,132203.0,134291.0,137868.0,143596.0,148981.0,156931.0,162258.0,165880.0,173240.0
BG,Bulgaria,42.733883,25.48583,0.0,0.0,0.0,0.0,0.0,0.0,0.0,0.0,0.0,0.0,0.0,0.0,0.0,0.0,0.0,0.0,0.0,0.0,0.0,0.0,0.0,0.0,0.0,0.0,0.0,0.0,0.0,0.0,0.0,0.0,0.0,0.0,0.0,0.0,0.0,0.0,0.0,0.0,0.0,0.0,0.0,0.0,0.0,0.0,0.0,0.0,4.0,4.0,4.0,7.0,7.0,23.0,41.0,51.0,52.0,67.0,92.0,94.0,127.0,163.0,187.0,201.0,218.0,242.0,264.0,293.0,331.0,346.0,359.0,399.0,422.0,457.0,485.0,503.0,531.0,549.0,577.0,593.0,618.0,635.0,661.0,675.0,685.0,713.0,747.0,800.0,846.0,878.0,894.0,929.0,975.0,1024.0,1097.0,1234.0,1247.0,1300.0,1363.0,1399.0,1447.0,1506.0,1555.0,1594.0,1618.0,1652.0,1704.0,1778.0,1829.0,1872.0,1921.0,1965.0,1990.0,2023.0,2069.0,2100.0,2138.0,2175.0,2211.0,2235.0,2259.0,2292.0,2331.0,2372.0,2408.0,2427.0,2433.0,2443.0,2460.0,2477.0,2485.0,2499.0,2513.0,2519.0,2538.0,2560.0,2585.0,2627.0,2711.0,2727.0,2810.0,2889.0,2993.0,3086.0,3191.0,3266.0,3290.0,3341.0,3453.0,3542.0,3674.0,3755.0,3872.0,3905.0,3984.0,4114.0,4242.0,4408.0,4513.0,4625.0,4691.0,4831.0,4989.0,5154.0,5315.0,5497.0,5677.0,5740.0,5914.0,6102.0,6342.0,6672.0,6964.0,7175.0,7252.0,7411.0,7645.0,7877.0,8144.0,8442.0,8638.0,8733.0,8929.0,9254.0,9584.0,9853.0,10123.0,10312.0,10427.0,10621.0,10871.0,11155.0,11420.0,11690.0,11836.0,11955.0,12159.0,12414.0,12717.0,13014.0,13209.0,13343.0,13396.0,13512.0,13722.0,13893.0,13893.0,14243.0,14333.0,14365.0,14500.0,14669.0,14820.0,14962.0,15131.0,15131.0,15287.0,15386.0,15589.0,15751.0,15908.0,16065.0,16164.0,16190.0,16266.0,16454.0,16617.0,16775.0,16954.0,17050.0,17089.0,17146.0,17313.0,17435.0,17598.0,17799.0,17891.0,17918.0,18061.0,18216.0,18390.0,18544.0,18733.0,18819.0,18863.0,19014.0,19123.0,19283.0,19573.0,19828.0,19997.0,20055.0,20271.0,20547.0,20833.0,20833.0,21336.0,21518.0,21587.0,21870.0,22306.0,22743.0,23259.0,23871.0,24319.0,24402.0,24989.0,25774.0
CH,Switzerland,46.818188,8.227512,0.0,0.0,0.0,0.0,0.0,0.0,0.0,0.0,0.0,0.0,0.0,0.0,0.0,0.0,0.0,0.0,0.0,0.0,0.0,0.0,0.0,0.0,0.0,0.0,0.0,0.0,0.0,0.0,0.0,0.0,0.0,0.0,0.0,0.0,1.0,1.0,8.0,8.0,18.0,27.0,42.0,56.0,90.0,114.0,214.0,268.0,337.0,374.0,491.0,652.0,652.0,1139.0,1359.0,2200.0,2200.0,2700.0,3028.0,4075.0,5294.0,6575.0,7474.0,8795.0,9877.0,10897.0,11811.0,12928.0,14076.0,14829.0,15922.0,16605.0,17768.0,18827.0,19606.0,20505.0,21100.0,21657.0,22253.0,23280.0,24051.0,24551.0,25107.0,25415.0,25688.0,25936.0,26336.0,26732.0,27078.0,27404.0,27740.0,27944.0,28063.0,28268.0,28496.0,28677.0,28894.0,29061.0,29164.0,29264.0,29407.0,29586.0,29705.0,29817.0,29905.0,29981.0,30009.0,30060.0,30126.0,30207.0,30251.0,30305.0,30344.0,30380.0,30413.0,30463.0,30514.0,30572.0,30587.0,30597.0,30618.0,30658.0,30694.0,30707.0,30725.0,30736.0,30746.0,30761.0,30776.0,30796.0,30828.0,30845.0,30862.0,30871.0,30874.0,30893.0,30913.0,30936.0,30956.0,30965.0,30972.0,30988.0,31011.0,31044.0,31063.0,31094.0,31117.0,31131.0,31154.0,31187.0,31200.0,31235.0,31243.0,31292.0,31310.0,31332.0,31376.0,31428.0,31486.0,31555.0,31617.0,31652.0,31714.0,31851.0,31967.0,32101.0,32198.0,32268.0,32315.0,32369.0,32498.0,32586.0,32690.0,32817.0,32883.0,32946.0,33016.0,33148.0,33290.0,33382.0,33492.0,33591.0,33634.0,33742.0,33883.0,34000.0,34154.0,34302.0,34412.0,34477.0,34609.0,34802.0,35022.0,35232.0,35412.0,35550.0,35616.0,35746.0,35927.0,36108.0,36269.0,36451.0,36603.0,36708.0,36895.0,37169.0,37403.0,37671.0,37924.0,38124.0,38252.0,38449.0,38760.0,39026.0,39332.0,39627.0,39903.0,40060.0,40262.0,40645.0,41006.0,41346.0,41722.0,42014.0,42177.0,42393.0,42763.0,43127.0,43532.0,43957.0,44401.0,44592.0,44837.0,45306.0,45711.0,46239.0,46704.0,47179.0,47436.0,47751.0,48265.0,48795.0,49283.0,49283.0,49283.0,50378.0,50664.0,51101.0,51492.0,51864.0,51864.0,51864.0,52646.0,52871.0,53282.0,53832.0,54384.0,54384.0,54384.0,55932.0,56632.0,57709.0,58881.0,60368.0,60368.0,60368.0,64436.0,65881.0
CY,Cyprus,35.126413,33.429859,0.0,0.0,0.0,0.0,0.0,0.0,0.0,0.0,0.0,0.0,0.0,0.0,0.0,0.0,0.0,0.0,0.0,0.0,0.0,0.0,0.0,0.0,0.0,0.0,0.0,0.0,0.0,0.0,0.0,0.0,0.0,0.0,0.0,0.0,0.0,0.0,0.0,0.0,0.0,0.0,0.0,0.0,0.0,0.0,0.0,0.0,0.0,2.0,3.0,6.0,6.0,14.0,26.0,26.0,33.0,46.0,49.0,67.0,67.0,84.0,95.0,116.0,124.0,132.0,146.0,162.0,179.0,214.0,230.0,262.0,320.0,356.0,396.0,426.0,446.0,465.0,494.0,526.0,564.0,595.0,616.0,633.0,662.0,695.0,715.0,735.0,750.0,761.0,767.0,772.0,784.0,790.0,795.0,804.0,810.0,817.0,822.0,837.0,843.0,850.0,857.0,864.0,872.0,874.0,878.0,883.0,889.0,891.0,892.0,898.0,901.0,903.0,905.0,907.0,910.0,914.0,916.0,917.0,918.0,922.0,923.0,927.0,927.0,935.0,937.0,939.0,939.0,941.0,942.0,944.0,944.0,949.0,952.0,958.0,958.0,960.0,960.0,964.0,970.0,972.0,974.0,975.0,980.0,980.0,983.0,985.0,985.0,985.0,985.0,985.0,985.0,986.0,988.0,990.0,991.0,992.0,992.0,994.0,994.0,996.0,998.0,999.0,999.0,999.0,1002.0,1003.0,1004.0,1005.0,1008.0,1010.0,1013.0,1014.0,1021.0,1022.0,1023.0,1025.0,1031.0,1033.0,1037.0,1038.0,1038.0,1040.0,1040.0,1045.0,1047.0,1053.0,1057.0,1060.0,1067.0,1080.0,1090.0,1114.0,1124.0,1150.0,1155.0,1180.0,1195.0,1208.0,1222.0,1233.0,1242.0,1252.0,1277.0,1291.0,1305.0,1318.0,1332.0,1339.0,1351.0,1359.0,1385.0,1395.0,1406.0,1417.0,1421.0,1451.0,1474.0,1484.0,1467.0,1481.0,1483.0,1487.0,1488.0,1490.0,1495.0,1498.0,1502.0,1507.0,1509.0,1510.0,1511.0,1514.0,1517.0,1520.0,1523.0,1526.0,1534.0,1540.0,1548.0,1558.0,1565.0,1590.0,1600.0,1603.0,1618.0,1654.0,1663.0,1671.0,1684.0,1696.0,1713.0,1743.0,1755.0,1772.0,1789.0,1811.0,1824.0,1847.0,1876.0,1897.0,1918.0,1951.0,1986.0,2006.0,2047.0,2130.0
CZ,Czechia,49.817492,15.472962,0.0,0.0,0.0,0.0,0.0,0.0,0.0,0.0,0.0,0.0,0.0,0.0,0.0,0.0,0.0,0.0,0.0,0.0,0.0,0.0,0.0,0.0,0.0,0.0,0.0,0.0,0.0,0.0,0.0,0.0,0.0,0.0,0.0,0.0,0.0,0.0,0.0,0.0,0.0,3.0,3.0,5.0,8.0,12.0,18.0,19.0,31.0,31.0,41.0,91.0,94.0,141.0,189.0,253.0,298.0,396.0,464.0,694.0,833.0,995.0,1120.0,1236.0,1394.0,1654.0,1925.0,2279.0,2631.0,2817.0,3001.0,3308.0,3508.0,3858.0,4091.0,4472.0,4587.0,4822.0,5017.0,5312.0,5569.0,5732.0,5831.0,5991.0,6059.0,6111.0,6216.0,6433.0,6549.0,6606.0,6746.0,6900.0,7033.0,7132.0,7187.0,7273.0,7352.0,7404.0,7445.0,7504.0,7579.0,7682.0,7737.0,7755.0,7781.0,7819.0,7896.0,7974.0,8031.0,8077.0,8095.0,8123.0,8176.0,8221.0,8269.0,8351.0,8406.0,8455.0,8475.0,8586.0,8647.0,8721.0,8754.0,8813.0,8890.0,8955.0,9002.0,9050.0,9086.0,9140.0,9196.0,9230.0,9268.0,9302.0,9364.0,9438.0,9494.0,9529.0,9567.0,9628.0,9697.0,9751.0,9824.0,9855.0,9938.0,9991.0,10024.0,10064.0,10111.0,10162.0,10280.0,10406.0,10448.0,10498.0,10523.0,10650.0,10777.0,10870.0,11038.0,11298.0,11603.0,11805.0,11954.0,12046.0,12178.0,12319.0,12440.0,12515.0,12566.0,12685.0,12814.0,12919.0,13001.0,13115.0,13174.0,13238.0,13341.0,13475.0,13612.0,13742.0,13855.0,13945.0,14098.0,14324.0,14570.0,14800.0,15081.0,15212.0,15324.0,15516.0,15799.0,16093.0,16371.0,16574.0,16699.0,16800.0,17008.0,17286.0,17529.0,17731.0,18060.0,18235.0,18353.0,18494.0,18783.0,19075.0,19401.0,19693.0,19891.0,20012.0,20202.0,20483.0,20798.0,21045.0,21551.0,21790.0,21923.0,22181.0,22548.0,22951.0,23169.0,23777.0,24094.0,24367.0,24618.0,25117.0,25773.0,26452.0,27249.0,27752.0,28156.0,28716.0,29877.0,31036.0,32413.0,33860.0,35401.0,36188.0,37222.0,38896.0,41032.0,44155.0,46262.0,48306.0,49290.0,50764.0,53158.0,55464.0,58374.0,61318.0,63294.0,64597.0,65883.0,67843.0,70763.0,74255.0,78051.0,80605.0,82446.0,85566.0,90022.0,95360.0,100757.0,109374.0,114005.0,117110.0,121421.0,129747.0
DE,Germany,51.165691,10.451526,0.0,0.0,0.0,0.0,0.0,1.0,4.0,4.0,4.0,5.0,8.0,10.0,12.0,12.0,12.0,12.0,13.0,13.0,14.0,14.0,16.0,16.0,16.0,16.0,16.0,16.0,16.0,16.0,16.0,16.0,16.0,16.0,16.0,16.0,17.0,27.0,46.0,48.0,79.0,130.0,159.0,196.0,262.0,482.0,670.0,799.0,1040.0,1176.0,1457.0,1908.0,2078.0,3675.0,4585.0,5795.0,7272.0,9257.0,12327.0,15320.0,19848.0,22213.0,24873.0,29056.0,32986.0,37323.0,43938.0,50871.0,57695.0,62095.0,66885.0,71808.0,77872.0,84794.0,91159.0,96092.0,100123.0,103374.0,107663.0,113296.0,118181.0,122171.0,124908.0,127854.0,130072.0,131359.0,134753.0,137698.0,141397.0,143342.0,145184.0,147065.0,148291.0,150648.0,153129.0,154999.0,156513.0,157770.0,158758.0,159912.0,161539.0,163009.0,164077.0,164967.0,165664.0,166152.0,167007.0,168162.0,169430.0,170588.0,171324.0,171879.0,172576.0,173171.0,174098.0,174478.0,175233.0,175752.0,176369.0,176551.0,177778.0,178473.0,179021.0,179710.0,179986.0,180328.0,180600.0,181200.0,181524.0,182196.0,182922.0,183189.0,183410.0,183594.0,183879.0,184121.0,184472.0,184924.0,185450.0,185750.0,186109.0,186506.0,186522.0,186691.0,187226.0,187267.0,187518.0,187682.0,188252.0,188604.0,189817.0,190299.0,190670.0,191272.0,191768.0,192480.0,192871.0,193371.0,194036.0,194458.0,194693.0,195042.0,195418.0,195893.0,196370.0,196780.0,197198.0,197523.0,198064.0,198343.0,198699.0,199001.0,199332.0,199709.0,199919.0,200180.0,200456.0,200890.0,201450.0,202045.0,202426.0,202735.0,203325.0,203717.0,204276.0,204881.0,205623.0,206278.0,206667.0,207112.0,207707.0,208546.0,209535.0,210399.0,211005.0,211220.0,212111.0,212828.0,214113.0,215039.0,216196.0,216903.0,217288.0,218508.0,219540.0,220859.0,222281.0,223791.0,224488.0,225007.0,226700.0,228120.0,229706.0,231292.0,233029.0,233861.0,234494.0,236122.0,237583.0,239010.0,240571.0,242126.0,242835.0,243305.0,244802.0,246015.0,247411.0,248840.0,250283.0,251058.0,251728.0,253626.0,254957.0,256433.0,258149.0,259735.0,260817.0,261737.0,263222.0,265014.0,266869.0,269048.0,271247.0,272932.0,273965.0,275560.0,277412.0,279025.0,281346.0,283712.0,285026.0,286339.0,288631.0,290471.0,292913.0,295539.0,298374.0,300027.0,301573.0,304673.0,307127.0,311137.0,315941.0,320495.0,323463.0,326309.0,332850.0,337314.0
DK,Denmark,56.26392,9.501785,0.0,0.0,0.0,0.0,0.0,0.0,0.0,0.0,0.0,0.0,0.0,0.0,0.0,0.0,0.0,0.0,0.0,0.0,0.0,0.0,0.0,0.0,0.0,0.0,0.0,0.0,0.0,0.0,0.0,0.0,0.0,0.0,0.0,0.0,0.0,0.0,1.0,1.0,3.0,4.0,4.0,6.0,10.0,10.0,23.0,23.0,35.0,90.0,262.0,442.0,615.0,801.0,827.0,864.0,914.0,977.0,1057.0,1151.0,1255.0,1326.0,1395.0,1450.0,1591.0,1724.0,1877.0,2046.0,2201.0,2395.0,2577.0,2860.0,3107.0,3386.0,3757.0,4077.0,4369.0,4681.0,5071.0,5402.0,5635.0,5819.0,5996.0,6174.0,6318.0,6511.0,6681.0,6879.0,7073.0,7242.0,7384.0,7515.0,7695.0,7912.0,8073.0,8210.0,8445.0,8575.0,8698.0,8851.0,9008.0,9158.0,9311.0,9407.0,9523.0,9670.0,9821.0,9938.0,10083.0,10218.0,10319.0,10429.0,10513.0,10591.0,10667.0,10713.0,10791.0,10858.0,10927.0,10968.0,11044.0,11117.0,11182.0,11230.0,11289.0,11360.0,11387.0,11428.0,11480.0,11512.0,11593.0,11633.0,11669.0,11699.0,11734.0,11771.0,11811.0,11875.0,11924.0,11948.0,11962.0,12001.0,12016.0,12035.0,12099.0,12139.0,12193.0,12217.0,12250.0,12294.0,12344.0,12391.0,12391.0,12391.0,12527.0,12561.0,12615.0,12636.0,12675.0,12675.0,12675.0,12751.0,12768.0,12794.0,12815.0,12832.0,12832.0,12832.0,12878.0,12888.0,12900.0,12916.0,12946.0,12946.0,12946.0,13037.0,13061.0,13092.0,13124.0,13173.0,13173.0,13173.0,13262.0,13302.0,13350.0,13390.0,13438.0,13438.0,13438.0,13547.0,13577.0,13634.0,13725.0,13789.0,13789.0,13789.0,13996.0,14073.0,14185.0,14306.0,14442.0,14442.0,14442.0,14815.0,14959.0,15070.0,15214.0,15379.0,15483.0,15617.0,15740.0,15855.0,15940.0,16056.0,16127.0,16239.0,16317.0,16397.0,16480.0,16537.0,16627.0,16700.0,16779.0,16891.0,16985.0,17084.0,17195.0,17374.0,17547.0,17736.0,17883.0,18113.0,18356.0,18607.0,18924.0,19216.0,19557.0,19890.0,20237.0,20571.0,20571.0,21393.0,21847.0,22436.0,22905.0,23323.0,23799.0,24357.0,24916.0,25594.0,26213.0,26637.0,27072.0,27464.0,27998.0,28396.0,28932.0,29302.0,29680.0,30057.0,30379.0,30710.0,31156.0,31638.0,32082.0,32422.0,32811.0,33101.0
EE,Estonia,58.595272,25.013607,0.0,0.0,0.0,0.0,0.0,0.0,0.0,0.0,0.0,0.0,0.0,0.0,0.0,0.0,0.0,0.0,0.0,0.0,0.0,0.0,0.0,0.0,0.0,0.0,0.0,0.0,0.0,0.0,0.0,0.0,0.0,0.0,0.0,0.0,0.0,0.0,1.0,1.0,1.0,1.0,1.0,2.0,2.0,3.0,10.0,10.0,10.0,10.0,12.0,16.0,16.0,79.0,115.0,171.0,205.0,225.0,258.0,267.0,283.0,306.0,326.0,352.0,369.0,404.0,538.0,575.0,645.0,679.0,715.0,745.0,779.0,858.0,961.0,1039.0,1097.0,1108.0,1149.0,1185.0,1207.0,1258.0,1304.0,1309.0,1332.0,1373.0,1400.0,1434.0,1459.0,1512.0,1528.0,1535.0,1552.0,1559.0,1592.0,1605.0,1635.0,1643.0,1647.0,1660.0,1666.0,1689.0,1694.0,1699.0,1700.0,1703.0,1711.0,1713.0,1720.0,1725.0,1733.0,1739.0,1741.0,1746.0,1751.0,1758.0,1766.0,1770.0,1774.0,1784.0,1791.0,1794.0,1800.0,1807.0,1821.0,1823.0,1824.0,1834.0,1840.0,1851.0,1859.0,1865.0,1869.0,1870.0,1870.0,1880.0,1890.0,1910.0,1931.0,1939.0,1940.0,1947.0,1958.0,1965.0,1970.0,1973.0,1973.0,1974.0,1975.0,1977.0,1977.0,1979.0,1981.0,1981.0,1981.0,1982.0,1983.0,1984.0,1986.0,1986.0,1987.0,1987.0,1989.0,1989.0,1990.0,1991.0,1993.0,1993.0,1994.0,1995.0,2003.0,2011.0,2013.0,2014.0,2014.0,2014.0,2015.0,2016.0,2016.0,2020.0,2021.0,2021.0,2021.0,2022.0,2025.0,2027.0,2028.0,2033.0,2034.0,2034.0,2038.0,2042.0,2051.0,2064.0,2072.0,2079.0,2080.0,2091.0,2113.0,2124.0,2133.0,2147.0,2152.0,2158.0,2167.0,2174.0,2174.0,2177.0,2184.0,2190.0,2192.0,2200.0,2207.0,2227.0,2244.0,2265.0,2272.0,2275.0,2294.0,2311.0,2325.0,2343.0,2363.0,2373.0,2375.0,2395.0,2415.0,2441.0,2456.0,2491.0,2516.0,2532.0,2564.0,2585.0,2600.0,2632.0,2655.0,2676.0,2698.0,2722.0,2756.0,2778.0,2814.0,2875.0,2924.0,2941.0,2976.0,3033.0,3076.0,3118.0,3165.0,3200.0,3267.0,3315.0,3371.0,3450.0,3507.0,3577.0,3607.0,3617.0,3659.0,3715.0,3760.0,3809.0,3846.0,3865.0,3883.0,3908.0
ES,Spain,40.463667,-3.74922,0.0,0.0,0.0,0.0,0.0,0.0,0.0,0.0,0.0,0.0,1.0,1.0,1.0,1.0,1.0,1.0,1.0,1.0,2.0,2.0,2.0,2.0,2.0,2.0,2.0,2.0,2.0,2.0,2.0,2.0,2.0,2.0,2.0,2.0,6.0,13.0,15.0,32.0,45.0,84.0,120.0,165.0,222.0,259.0,400.0,500.0,673.0,1073.0,1695.0,2277.0,2277.0,5232.0,6391.0,7798.0,9942.0,11748.0,13910.0,17963.0,20410.0,25374.0,28768.0,35136.0,39885.0,49515.0,57786.0,65719.0,73235.0,80110.0,87956.0,95923.0,104118.0,112065.0,119199.0,126168.0,131646.0,136675.0,141942.0,148220.0,153222.0,158273.0,163027.0,166831.0,170099.0,172541.0,177644.0,184948.0,190839.0,191726.0,198674.0,200210.0,204178.0,208389.0,213024.0,202990.0,205905.0,207634.0,209465.0,210773.0,212917.0,213435.0,215216.0,216582.0,217466.0,218011.0,219329.0,220325.0,221447.0,222857.0,223578.0,224350.0,227436.0,228030.0,228691.0,229540.0,230183.0,230698.0,230698.0,231606.0,232037.0,232555.0,233037.0,234824.0,235290.0,235772.0,235400.0,236259.0,236259.0,237906.0,238564.0,239228.0,239479.0,239638.0,239932.0,240326.0,240660.0,240978.0,241310.0,241550.0,241717.0,241966.0,242280.0,242707.0,243209.0,243605.0,243928.0,244109.0,244328.0,244683.0,245268.0,245575.0,245938.0,246272.0,246504.0,246752.0,247086.0,247486.0,247905.0,248469.0,248770.0,248970.0,249271.0,249659.0,250103.0,250545.0,250545.0,250545.0,251789.0,252130.0,252513.0,253056.0,253908.0,253908.0,253908.0,255953.0,256619.0,257494.0,258855.0,260255.0,260255.0,260255.0,264836.0,266194.0,267551.0,270166.0,272421.0,272421.0,272421.0,278782.0,280610.0,282641.0,285430.0,288522.0,288522.0,288522.0,297054.0,302814.0,305767.0,309855.0,314362.0,314362.0,314362.0,322980.0,326612.0,329784.0,337334.0,342813.0,342813.0,342813.0,359082.0,364196.0,370867.0,377906.0,386054.0,386054.0,386054.0,405436.0,412553.0,419849.0,429507.0,439286.0,439286.0,439286.0,462858.0,470973.0,479554.0,488513.0,498989.0,498989.0,498989.0,525549.0,534513.0,543379.0,554143.0,566326.0,566326.0,566326.0,593730.0,603167.0,614360.0,625651.0,640040.0,640040.0,640040.0,671468.0,682267.0,693556.0,704209.0,716481.0,716481.0,716481.0,748266.0,748266.0,769188.0,778607.0,789932.0,789932.0,789932.0,813412.0,825410.0,835901.0,848324.0,861112.0,861112.0,861112.0,888968.0,896086.0
FI,Finland,61.92411,25.748151,0.0,0.0,0.0,0.0,0.0,0.0,0.0,1.0,1.0,1.0,1.0,1.0,1.0,1.0,1.0,1.0,1.0,1.0,1.0,1.0,1.0,1.0,1.0,1.0,1.0,1.0,1.0,1.0,1.0,1.0,1.0,1.0,1.0,1.0,1.0,2.0,2.0,2.0,3.0,6.0,6.0,6.0,6.0,12.0,15.0,15.0,23.0,30.0,40.0,59.0,59.0,155.0,225.0,244.0,277.0,321.0,336.0,400.0,450.0,523.0,626.0,700.0,792.0,880.0,958.0,1041.0,1167.0,1240.0,1352.0,1418.0,1446.0,1518.0,1615.0,1882.0,1927.0,2176.0,2308.0,2487.0,2605.0,2769.0,2905.0,2974.0,3064.0,3161.0,3237.0,3369.0,3489.0,3681.0,3783.0,3868.0,4014.0,4129.0,4284.0,4395.0,4475.0,4576.0,4695.0,4740.0,4906.0,4995.0,5051.0,5176.0,5254.0,5327.0,5412.0,5573.0,5673.0,5738.0,5880.0,5962.0,5984.0,6003.0,6054.0,6145.0,6228.0,6286.0,6347.0,6380.0,6399.0,6443.0,6493.0,6537.0,6568.0,6579.0,6599.0,6628.0,6692.0,6743.0,6776.0,6826.0,6859.0,6885.0,6887.0,6911.0,6911.0,6941.0,6964.0,6981.0,7001.0,7025.0,7040.0,7064.0,7073.0,7087.0,7104.0,7108.0,7112.0,7117.0,7119.0,7133.0,7142.0,7143.0,7144.0,7155.0,7167.0,7172.0,7191.0,7198.0,7198.0,7209.0,7214.0,7236.0,7241.0,7242.0,7248.0,7253.0,7257.0,7262.0,7265.0,7273.0,7279.0,7291.0,7294.0,7295.0,7301.0,7296.0,7293.0,7301.0,7318.0,7335.0,7340.0,7351.0,7362.0,7372.0,7380.0,7388.0,7393.0,7398.0,7404.0,7414.0,7423.0,7432.0,7443.0,7453.0,7466.0,7483.0,7512.0,7532.0,7554.0,7568.0,7584.0,7601.0,7623.0,7642.0,7683.0,7700.0,7720.0,7731.0,7752.0,7776.0,7805.0,7842.0,7871.0,7906.0,7920.0,7938.0,7981.0,8002.0,8019.0,8042.0,8049.0,8077.0,8086.0,8142.0,8161.0,8200.0,8225.0,8261.0,8291.0,8327.0,8337.0,8430.0,8469.0,8512.0,8557.0,8580.0,8627.0,8725.0,8750.0,8799.0,8858.0,8922.0,8980.0,9046.0,9195.0,9288.0,9379.0,9484.0,9577.0,9682.0,9743.0,9892.0,9992.0,10103.0,10244.0,10391.0,10538.0,10702.0,10929.0,11049.0,11345.0,11580.0,11849.0,11998.0,12212.0,12499.0
FR,France,46.227638,2.213749,0.0,0.0,2.0,3.0,3.0,3.0,4.0,5.0,5.0,5.0,6.0,6.0,6.0,6.0,6.0,6.0,6.0,11.0,11.0,11.0,11.0,11.0,11.0,11.0,12.0,12.0,12.0,12.0,12.0,12.0,12.0,12.0,12.0,12.0,14.0,18.0,38.0,57.0,100.0,130.0,191.0,204.0,285.0,377.0,653.0,949.0,1126.0,1209.0,1784.0,2281.0,2281.0,3661.0,4469.0,4499.0,6633.0,7652.0,9043.0,10871.0,12612.0,14282.0,16018.0,19856.0,22304.0,25233.0,29155.0,32964.0,37575.0,40174.0,44550.0,52128.0,56989.0,59105.0,64338.0,68605.0,70478.0,74390.0,78167.0,82048.0,86334.0,90676.0,93790.0,120633.0,124298.0,129257.0,132473.0,144944.0,146923.0,146906.0,151808.0,154188.0,156921.0,154715.0,157026.0,158636.0,160292.0,160847.0,164589.0,167605.0,165093.0,165764.0,165764.0,166976.0,167272.0,167886.0,168935.0,172465.0,173040.0,174318.0,174758.0,175027.0,175479.0,176207.0,175981.0,176712.0,177319.0,177207.0,177240.0,177554.0,178428.0,179069.0,179306.0,179645.0,179964.0,179859.0,180166.0,179887.0,180044.0,183309.0,183816.0,185616.0,185851.0,185952.0,185112.0,185440.0,186118.0,186670.0,187199.0,187492.0,187590.0,187925.0,188322.0,188680.0,189244.0,189637.0,189928.0,189996.0,190223.0,190534.0,190735.0,191304.0,191740.0,191745.0,192070.0,192452.0,192265.0,192010.0,193346.0,193152.0,192429.0,194109.0,194373.0,194985.0,195458.0,195904.0,195546.0,195535.0,196748.0,197089.0,196796.0,197964.0,198450.0,198199.0,198183.0,199571.0,199509.0,200338.0,200739.0,201448.0,201285.0,201281.0,203242.0,203696.0,204641.0,205476.0,206418.0,206334.0,206334.0,208665.0,209342.0,209211.0,210465.0,213093.0,213031.0,213028.0,212884.0,216193.0,216106.0,218763.0,222477.0,222408.0,222402.0,226384.0,226313.0,230874.0,230778.0,236114.0,239345.0,239306.0,242650.0,242592.0,242538.0,242413.0,257333.0,260873.0,265550.0,267392.0,270455.0,275640.0,281603.0,288655.0,288531.0,299320.0,302175.0,306951.0,313730.0,320656.0,329512.0,329353.0,329246.0,348982.0,355244.0,363751.0,372501.0,381907.0,381907.0,381907.0,404564.0,412360.0,421861.0,431966.0,444978.0,444978.0,444978.0,473974.0,483956.0,483956.0,511757.0,527554.0,527554.0,527554.0,552832.0,564690.0,576907.0,589825.0,601971.0,601971.0,601971.0,636196.0,646531.0,664178.0,682192.0,702148.0,702148.0,702148.0,745104.0,766421.0
GB,United Kingdom,55.378051,-3.435973,0.0,0.0,0.0,0.0,0.0,0.0,0.0,0.0,0.0,2.0,2.0,2.0,8.0,8.0,9.0,9.0,9.0,13.0,14.0,14.0,15.0,16.0,17.0,18.0,18.0,18.0,19.0,19.0,20.0,22.0,23.0,23.0,28.0,30.0,34.0,37.0,44.0,56.0,61.0,94.0,134.0,189.0,245.0,294.0,373.0,428.0,482.0,629.0,887.0,1298.0,1787.0,2266.0,2630.0,3072.0,3684.0,4452.0,5451.0,6506.0,7760.0,8957.0,10333.0,12668.0,15039.0,17732.0,20816.0,24017.0,26839.0,29696.0,33969.0,38484.0,43398.0,48263.0,53178.0,57198.0,60792.0,66067.0,71517.0,76646.0,81498.0,85813.0,89390.0,92885.0,97068.0,101393.0,106458.0,111756.0,116721.0,121437.0,125289.0,130147.0,134907.0,140397.0,145540.0,150513.0,154261.0,157729.0,162431.0,167152.0,172587.0,177543.0,182270.0,185491.0,188465.0,191843.0,195527.0,199358.0,203125.0,206174.0,208324.0,210645.0,214228.0,217617.0,220915.0,223524.0,226041.0,228106.0,229932.0,232506.0,235547.0,238253.0,240795.0,242825.0,244332.0,245680.0,247287.0,248937.0,250739.0,252473.0,253977.0,255076.0,256145.0,257579.0,259046.0,260388.0,261622.0,262727.0,263518.0,264235.0,265321.0,266474.0,267656.0,268657.0,269710.0,270597.0,271404.0,272430.0,273507.0,274504.0,275524.0,276504.0,277170.0,277792.0,278684.0,279566.0,280340.0,281037.0,281675.0,282308.0,282703.0,283307.0,283710.0,283770.0,283774.0,284276.0,284900.0,285416.0,285768.0,286349.0,286979.0,287621.0,288133.0,288953.0,289603.0,290133.0,291373.0,291911.0,292552.0,293239.0,294066.0,294792.0,295372.0,295817.0,296377.0,297146.0,297914.0,298681.0,299426.0,300111.0,300658.0,301455.0,302301.0,303181.0,303942.0,304685.0,305623.0,306293.0,307184.0,308134.0,309005.0,309763.0,310825.0,311641.0,312789.0,313798.0,314927.0,316367.0,317379.0,318484.0,319197.0,320286.0,321098.0,322280.0,323313.0,324601.0,325642.0,326614.0,327798.0,328846.0,330368.0,331644.0,332752.0,334467.0,335873.0,337168.0,338676.0,340411.0,342351.0,344164.0,347152.0,350100.0,352560.0,355219.0,358138.0,361677.0,365174.0,368504.0,371125.0,374228.0,378219.0,381614.0,385936.0,390358.0,394257.0,398625.0,403551.0,409729.0,416363.0,423236.0,429277.0,434969.0,439013.0,446156.0,453264.0,460178.0,467146.0,480017.0,502978.0,515571.0,530113.0,544275.0,561815.0,575679.0,590844.0,603716.0,617688.0,634920.0
GE,Georgia,42.315407,43.356892,0.0,0.0,0.0,0.0,0.0,0.0,0.0,0.0,0.0,0.0,0.0,0.0,0.0,0.0,0.0,0.0,0.0,0.0,0.0,0.0,0.0,0.0,0.0,0.0,0.0,0.0,0.0,0.0,0.0,0.0,0.0,0.0,0.0,0.0,0.0,1.0,1.0,1.0,1.0,3.0,3.0,3.0,3.0,4.0,4.0,4.0,13.0,15.0,15.0,24.0,24.0,25.0,30.0,33.0,33.0,34.0,38.0,40.0,43.0,49.0,54.0,61.0,70.0,75.0,79.0,83.0,90.0,91.0,103.0,110.0,117.0,134.0,155.0,162.0,174.0,188.0,196.0,211.0,218.0,234.0,242.0,257.0,272.0,300.0,306.0,348.0,370.0,388.0,394.0,402.0,408.0,416.0,425.0,444.0,456.0,486.0,497.0,511.0,517.0,539.0,566.0,582.0,589.0,593.0,604.0,610.0,615.0,623.0,626.0,635.0,638.0,642.0,647.0,667.0,671.0,683.0,695.0,701.0,707.0,713.0,721.0,723.0,728.0,730.0,731.0,732.0,735.0,738.0,746.0,757.0,783.0,794.0,796.0,800.0,801.0,805.0,808.0,809.0,812.0,818.0,827.0,831.0,843.0,851.0,864.0,879.0,879.0,888.0,893.0,896.0,898.0,906.0,908.0,911.0,914.0,917.0,919.0,921.0,924.0,926.0,928.0,931.0,939.0,943.0,948.0,951.0,953.0,958.0,963.0,968.0,973.0,981.0,986.0,995.0,999.0,1004.0,1006.0,1010.0,1018.0,1028.0,1039.0,1049.0,1073.0,1085.0,1104.0,1117.0,1131.0,1137.0,1145.0,1155.0,1160.0,1168.0,1171.0,1177.0,1179.0,1182.0,1197.0,1206.0,1213.0,1216.0,1225.0,1250.0,1264.0,1278.0,1283.0,1306.0,1321.0,1336.0,1341.0,1351.0,1361.0,1370.0,1385.0,1394.0,1411.0,1421.0,1429.0,1436.0,1447.0,1455.0,1462.0,1469.0,1487.0,1510.0,1548.0,1568.0,1596.0,1621.0,1650.0,1684.0,1729.0,1773.0,1830.0,1917.0,2075.0,2227.0,2392.0,2562.0,2758.0,2937.0,3119.0,3306.0,3502.0,3695.0,3913.0,4140.0,4399.0,4664.0,4960.0,5254.0,5552.0,5866.0,6192.0,6640.0,7093.0,7564.0,8118.0,8696.0,9245.0,9753.0,10225.0,10752.0,11271.0,11794.0,12272.0,12841.0
GR,Greece,39.074208,21.824312,0.0,0.0,0.0,0.0,0.0,0.0,0.0,0.0,0.0,0.0,0.0,0.0,0.0,0.0,0.0,0.0,0.0,0.0,0.0,0.0,0.0,0.0,0.0,0.0,0.0,0.0,0.0,0.0,0.0,0.0,0.0,0.0,0.0,0.0,0.0,1.0,3.0,4.0,4.0,7.0,7.0,7.0,9.0,31.0,45.0,46.0,73.0,73.0,89.0,99.0,99.0,190.0,228.0,331.0,331.0,387.0,418.0,418.0,495.0,530.0,624.0,695.0,743.0,821.0,892.0,966.0,1061.0,1156.0,1212.0,1314.0,1415.0,1544.0,1613.0,1673.0,1735.0,1755.0,1832.0,1884.0,1955.0,2011.0,2081.0,2114.0,2145.0,2170.0,2192.0,2207.0,2224.0,2235.0,2235.0,2245.0,2401.0,2408.0,2463.0,2490.0,2506.0,2517.0,2534.0,2566.0,2576.0,2591.0,2612.0,2620.0,2626.0,2632.0,2642.0,2663.0,2678.0,2691.0,2710.0,2716.0,2726.0,2744.0,2760.0,2770.0,2810.0,2819.0,2834.0,2836.0,2840.0,2850.0,2853.0,2874.0,2876.0,2878.0,2882.0,2892.0,2903.0,2906.0,2909.0,2915.0,2917.0,2918.0,2937.0,2937.0,2952.0,2967.0,2980.0,2997.0,3049.0,3058.0,3068.0,3088.0,3108.0,3112.0,3121.0,3134.0,3148.0,3203.0,3227.0,3237.0,3256.0,3266.0,3287.0,3302.0,3310.0,3321.0,3343.0,3366.0,3376.0,3390.0,3409.0,3432.0,3458.0,3486.0,3511.0,3519.0,3562.0,3589.0,3622.0,3672.0,3732.0,3772.0,3803.0,3826.0,3883.0,3910.0,3939.0,3964.0,3983.0,4007.0,4012.0,4048.0,4077.0,4110.0,4135.0,4166.0,4193.0,4227.0,4279.0,4336.0,4401.0,4477.0,4587.0,4662.0,4737.0,4855.0,4974.0,5123.0,5270.0,5421.0,5623.0,5749.0,5942.0,6177.0,6381.0,6632.0,6858.0,7075.0,7222.0,7472.0,7684.0,7934.0,8138.0,8381.0,8664.0,8819.0,8987.0,9280.0,9531.0,9800.0,9977.0,10134.0,10317.0,10524.0,10757.0,10998.0,11200.0,11386.0,11524.0,11663.0,11832.0,12080.0,12452.0,12734.0,13036.0,13240.0,13420.0,13730.0,14041.0,14400.0,14738.0,14978.0,15142.0,15595.0,15928.0,16286.0,16627.0,16913.0,17228.0,17444.0,17707.0,18123.0,18475.0,18886.0,19346.0,19613.0,19842.0,20142.0,20541.0,20947.0,21381.0,21772.0,22078.0,22358.0,22652.0,23060.0
HR,Croatia,45.1,15.2,0.0,0.0,0.0,0.0,0.0,0.0,0.0,0.0,0.0,0.0,0.0,0.0,0.0,0.0,0.0,0.0,0.0,0.0,0.0,0.0,0.0,0.0,0.0,0.0,0.0,0.0,0.0,0.0,0.0,0.0,0.0,0.0,0.0,0.0,1.0,3.0,3.0,5.0,6.0,7.0,7.0,9.0,10.0,10.0,11.0,12.0,12.0,12.0,14.0,19.0,19.0,32.0,38.0,49.0,57.0,65.0,81.0,105.0,128.0,206.0,254.0,315.0,382.0,442.0,495.0,586.0,657.0,713.0,790.0,867.0,963.0,1011.0,1079.0,1126.0,1182.0,1222.0,1282.0,1343.0,1407.0,1495.0,1534.0,1600.0,1650.0,1704.0,1741.0,1791.0,1814.0,1832.0,1871.0,1881.0,1908.0,1950.0,1981.0,2009.0,2016.0,2030.0,2039.0,2047.0,2062.0,2076.0,2085.0,2088.0,2096.0,2101.0,2112.0,2119.0,2125.0,2161.0,2176.0,2187.0,2196.0,2207.0,2213.0,2221.0,2222.0,2224.0,2226.0,2228.0,2232.0,2234.0,2237.0,2243.0,2243.0,2244.0,2244.0,2244.0,2244.0,2245.0,2245.0,2246.0,2246.0,2246.0,2246.0,2246.0,2247.0,2247.0,2247.0,2247.0,2247.0,2247.0,2249.0,2249.0,2249.0,2251.0,2252.0,2254.0,2255.0,2258.0,2269.0,2280.0,2299.0,2317.0,2336.0,2366.0,2388.0,2483.0,2539.0,2624.0,2691.0,2725.0,2777.0,2831.0,2912.0,3008.0,3094.0,3151.0,3220.0,3272.0,3325.0,3416.0,3532.0,3672.0,3722.0,3775.0,3827.0,3953.0,4039.0,4137.0,4253.0,4345.0,4370.0,4422.0,4530.0,4634.0,4715.0,4792.0,4857.0,4881.0,4923.0,4993.0,5071.0,5139.0,5224.0,5260.0,5294.0,5318.0,5376.0,5404.0,5466.0,5543.0,5604.0,5649.0,5740.0,5870.0,6050.0,6258.0,6420.0,6571.0,6656.0,6855.0,7074.0,7329.0,7594.0,7900.0,8175.0,8311.0,8530.0,8888.0,9192.0,9549.0,9861.0,10123.0,10269.0,10414.0,10725.0,11094.0,11428.0,11739.0,11964.0,12081.0,12285.0,12626.0,12917.0,13107.0,13368.0,13533.0,13598.0,13749.0,14029.0,14279.0,14513.0,14725.0,14922.0,14992.0,15136.0,15340.0,15572.0,15795.0,16007.0,16197.0,16245.0,16380.0,16593.0,16827.0,17160.0,17401.0,17659.0,17797.0,18084.0,18447.0,18989.0,19446.0,19932.0,20440.0,20621.0,20993.0
HU,Hungary,47.162494,19.503304,0.0,0.0,0.0,0.0,0.0,0.0,0.0,0.0,0.0,0.0,0.0,0.0,0.0,0.0,0.0,0.0,0.0,0.0,0.0,0.0,0.0,0.0,0.0,0.0,0.0,0.0,0.0,0.0,0.0,0.0,0.0,0.0,0.0,0.0,0.0,0.0,0.0,0.0,0.0,0.0,0.0,0.0,2.0,2.0,2.0,4.0,7.0,9.0,9.0,13.0,13.0,19.0,30.0,32.0,39.0,50.0,58.0,73.0,85.0,103.0,131.0,167.0,187.0,226.0,261.0,300.0,343.0,408.0,447.0,492.0,525.0,585.0,623.0,678.0,733.0,744.0,817.0,895.0,980.0,1190.0,1310.0,1410.0,1458.0,1512.0,1579.0,1652.0,1763.0,1834.0,1916.0,1984.0,2098.0,2168.0,2284.0,2443.0,2443.0,2500.0,2583.0,2649.0,2727.0,2775.0,2863.0,2942.0,2998.0,3035.0,3065.0,3111.0,3150.0,3178.0,3213.0,3263.0,3284.0,3313.0,3341.0,3380.0,3417.0,3473.0,3509.0,3535.0,3556.0,3598.0,3641.0,3678.0,3713.0,3741.0,3756.0,3771.0,3793.0,3816.0,3841.0,3867.0,3876.0,3892.0,3921.0,3931.0,3954.0,3970.0,3990.0,4008.0,4014.0,4017.0,4027.0,4039.0,4053.0,4064.0,4069.0,4076.0,4077.0,4078.0,4079.0,4081.0,4086.0,4094.0,4102.0,4107.0,4114.0,4123.0,4127.0,4138.0,4142.0,4145.0,4155.0,4157.0,4166.0,4172.0,4174.0,4183.0,4189.0,4205.0,4210.0,4220.0,4223.0,4229.0,4234.0,4247.0,4258.0,4263.0,4279.0,4293.0,4315.0,4333.0,4339.0,4347.0,4366.0,4380.0,4398.0,4424.0,4435.0,4448.0,4456.0,4465.0,4484.0,4505.0,4526.0,4535.0,4544.0,4553.0,4564.0,4597.0,4621.0,4653.0,4696.0,4731.0,4746.0,4768.0,4813.0,4853.0,4877.0,4916.0,4946.0,4970.0,5002.0,5046.0,5098.0,5133.0,5155.0,5191.0,5215.0,5288.0,5379.0,5511.0,5669.0,5961.0,6139.0,6257.0,6622.0,6923.0,7382.0,7892.0,8387.0,8963.0,9304.0,9715.0,10191.0,10909.0,11825.0,12309.0,13153.0,13879.0,14460.0,15170.0,16111.0,16920.0,17990.0,18866.0,19499.0,20450.0,21200.0,22127.0,23077.0,24014.0,24716.0,25567.0,26461.0,27309.0,28631.0,29717.0,30575.0,31480.0,32298.0,33114.0,34046.0,35222.0,36596.0,37664.0,38837.0,39862.0
IE,Ireland,53.41291,-8.24389,0.0,0.0,0.0,0.0,0.0,0.0,0.0,0.0,0.0,0.0,0.0,0.0,0.0,0.0,0.0,0.0,0.0,0.0,0.0,0.0,0.0,0.0,0.0,0.0,0.0,0.0,0.0,0.0,0.0,0.0,0.0,0.0,0.0,0.0,0.0,0.0,0.0,0.0,1.0,1.0,1.0,2.0,6.0,6.0,18.0,18.0,19.0,21.0,34.0,43.0,43.0,90.0,129.0,129.0,169.0,223.0,292.0,557.0,683.0,785.0,906.0,1125.0,1329.0,1564.0,1819.0,2121.0,2415.0,2615.0,2910.0,3235.0,3447.0,3849.0,4273.0,4604.0,4994.0,5364.0,5709.0,6074.0,6574.0,8089.0,8928.0,9655.0,10647.0,11479.0,12547.0,13271.0,13980.0,14758.0,15251.0,15652.0,16040.0,16671.0,17607.0,18184.0,18561.0,19262.0,19648.0,19877.0,20253.0,20612.0,20833.0,21176.0,21506.0,21772.0,21983.0,22248.0,22385.0,22541.0,22760.0,22996.0,23135.0,23242.0,23401.0,23827.0,23956.0,24048.0,24112.0,24200.0,24251.0,24315.0,24391.0,24506.0,24582.0,24639.0,24698.0,24735.0,24803.0,24841.0,24876.0,24929.0,24990.0,25062.0,25066.0,25111.0,25142.0,25163.0,25183.0,25201.0,25207.0,25215.0,25231.0,25238.0,25250.0,25295.0,25303.0,25321.0,25334.0,25341.0,25355.0,25368.0,25374.0,25379.0,25383.0,25391.0,25396.0,25405.0,25414.0,25437.0,25439.0,25462.0,25473.0,25477.0,25489.0,25498.0,25509.0,25527.0,25531.0,25538.0,25542.0,25565.0,25589.0,25611.0,25628.0,25638.0,25670.0,25683.0,25698.0,25730.0,25750.0,25760.0,25766.0,25802.0,25819.0,25826.0,25845.0,25869.0,25881.0,25892.0,25929.0,25942.0,26027.0,26065.0,26109.0,26162.0,26208.0,26253.0,26303.0,26372.0,26470.0,26644.0,26712.0,26768.0,26801.0,26838.0,26929.0,26995.0,27191.0,27257.0,27313.0,27499.0,27547.0,27676.0,27755.0,27908.0,27969.0,28116.0,28201.0,28363.0,28453.0,28578.0,28720.0,28760.0,28811.0,29025.0,29114.0,29206.0,29303.0,29534.0,29672.0,29774.0,30080.0,30164.0,30360.0,30571.0,30730.0,30985.0,31192.0,31549.0,31799.0,32023.0,32271.0,32538.0,32933.0,33121.0,33444.0,33675.0,33994.0,34315.0,34560.0,34990.0,35377.0,35740.0,36155.0,36597.0,37063.0,37668.0,38032.0,38549.0,38973.0,39584.0,40086.0,40703.0,41714.0,42528.0,43351.0,44159.0
IS,Iceland,64.963051,-19.020835,0.0,0.0,0.0,0.0,0.0,0.0,0.0,0.0,0.0,0.0,0.0,0.0,0.0,0.0,0.0,0.0,0.0,0.0,0.0,0.0,0.0,0.0,0.0,0.0,0.0,0.0,0.0,0.0,0.0,0.0,0.0,0.0,0.0,0.0,0.0,0.0,0.0,1.0,1.0,3.0,6.0,11.0,26.0,34.0,43.0,50.0,50.0,58.0,69.0,85.0,103.0,134.0,156.0,171.0,180.0,220.0,250.0,330.0,409.0,473.0,568.0,588.0,648.0,737.0,802.0,890.0,963.0,1020.0,1086.0,1135.0,1220.0,1319.0,1364.0,1417.0,1486.0,1562.0,1586.0,1616.0,1648.0,1675.0,1689.0,1701.0,1711.0,1720.0,1727.0,1739.0,1754.0,1760.0,1771.0,1773.0,1778.0,1785.0,1789.0,1789.0,1790.0,1792.0,1792.0,1795.0,1797.0,1797.0,1798.0,1798.0,1799.0,1799.0,1799.0,1799.0,1801.0,1801.0,1801.0,1801.0,1801.0,1801.0,1802.0,1802.0,1802.0,1802.0,1802.0,1802.0,1802.0,1803.0,1803.0,1803.0,1804.0,1804.0,1804.0,1804.0,1805.0,1805.0,1805.0,1806.0,1806.0,1806.0,1806.0,1806.0,1806.0,1806.0,1806.0,1807.0,1807.0,1807.0,1807.0,1807.0,1807.0,1808.0,1810.0,1811.0,1812.0,1812.0,1814.0,1815.0,1815.0,1815.0,1815.0,1815.0,1817.0,1818.0,1820.0,1820.0,1821.0,1822.0,1824.0,1825.0,1830.0,1830.0,1830.0,1830.0,1832.0,1833.0,1833.0,1833.0,1833.0,1833.0,1833.0,1833.0,1835.0,1835.0,1836.0,1836.0,1838.0,1839.0,1839.0,1839.0,1840.0,1841.0,1843.0,1843.0,1847.0,1854.0,1857.0,1861.0,1872.0,1885.0,1893.0,1907.0,1915.0,1918.0,1926.0,1932.0,1952.0,1955.0,1958.0,1962.0,1968.0,1972.0,1976.0,1983.0,1999.0,2011.0,2014.0,2027.0,2035.0,2040.0,2050.0,2058.0,2064.0,2073.0,2077.0,2082.0,2087.0,2092.0,2100.0,2105.0,2107.0,2116.0,2121.0,2128.0,2135.0,2136.0,2141.0,2143.0,2150.0,2153.0,2157.0,2161.0,2162.0,2165.0,2168.0,2174.0,2189.0,2206.0,2230.0,2307.0,2307.0,2377.0,2419.0,2476.0,2512.0,2561.0,2601.0,2623.0,2663.0,2695.0,2728.0,2769.0,2809.0,2872.0,2921.0,2980.0,3081.0,3172.0,3267.0,3373.0,3460.0,3526.0,3582.0,3668.0
IT,Italy,41.87194,12.56738,0.0,0.0,0.0,0.0,0.0,0.0,0.0,0.0,0.0,2.0,2.0,2.0,2.0,2.0,2.0,2.0,3.0,3.0,3.0,3.0,3.0,3.0,3.0,3.0,3.0,3.0,3.0,3.0,3.0,3.0,20.0,62.0,155.0,229.0,322.0,453.0,655.0,888.0,1128.0,1694.0,2036.0,2502.0,3089.0,3858.0,4636.0,5883.0,7375.0,9172.0,10149.0,12462.0,15113.0,17660.0,21157.0,24747.0,27980.0,31506.0,35713.0,41035.0,47021.0,53578.0,59138.0,63927.0,69176.0,74386.0,80589.0,86498.0,92472.0,97689.0,101739.0,105792.0,110574.0,115242.0,119827.0,124632.0,128948.0,132547.0,135586.0,139422.0,143626.0,147577.0,152271.0,156363.0,159516.0,162488.0,165155.0,168941.0,172434.0,175925.0,178972.0,181228.0,183957.0,187327.0,189973.0,192994.0,195351.0,197675.0,199414.0,201505.0,203591.0,205463.0,207428.0,209328.0,210717.0,211938.0,213013.0,214457.0,215858.0,217185.0,218268.0,219070.0,219814.0,221216.0,222104.0,223096.0,223885.0,224760.0,225435.0,225886.0,226699.0,227364.0,228006.0,228658.0,229327.0,229858.0,230158.0,230555.0,231139.0,231732.0,232248.0,232664.0,232997.0,233197.0,233515.0,233836.0,234013.0,234531.0,234801.0,234998.0,235278.0,235561.0,235763.0,236142.0,236305.0,236651.0,236989.0,237290.0,237500.0,237828.0,238159.0,238011.0,238275.0,238499.0,238720.0,238833.0,239410.0,239706.0,239961.0,240136.0,240310.0,240436.0,240578.0,240760.0,240961.0,241184.0,241419.0,241611.0,241819.0,241956.0,242149.0,242363.0,242639.0,242827.0,243061.0,243230.0,243344.0,243506.0,243736.0,243967.0,244216.0,244434.0,244624.0,244752.0,245032.0,245338.0,245590.0,245864.0,246118.0,246286.0,246488.0,246776.0,247158.0,247537.0,247832.0,248070.0,248229.0,248419.0,248803.0,249204.0,249756.0,250103.0,250566.0,250825.0,251237.0,251713.0,252235.0,252809.0,253438.0,253915.0,254235.0,254636.0,255278.0,256118.0,257065.0,258136.0,259345.0,260298.0,261174.0,262540.0,263949.0,265409.0,266853.0,268218.0,269214.0,270189.0,271515.0,272912.0,274644.0,276338.0,277634.0,278784.0,280153.0,281583.0,283180.0,284796.0,286297.0,287753.0,288761.0,289990.0,291442.0,293025.0,294932.0,296569.0,298156.0,299506.0,300897.0,302537.0,304323.0,306235.0,308104.0,309870.0,311364.0,313011.0,314861.0,317409.0,319908.0,322751.0,325329.0,327586.0,330263.0,333940.0,338398.0,343770.0,349494.0,354950.0,359569.0,365467.0
LI,Liechtenstein,47.166,9.555373,0.0,0.0,0.0,0.0,0.0,0.0,0.0,0.0,0.0,0.0,0.0,0.0,0.0,0.0,0.0,0.0,0.0,0.0,0.0,0.0,0.0,0.0,0.0,0.0,0.0,0.0,0.0,0.0,0.0,0.0,0.0,0.0,0.0,0.0,0.0,0.0,0.0,0.0,0.0,0.0,0.0,0.0,1.0,1.0,1.0,1.0,1.0,1.0,1.0,1.0,1.0,1.0,4.0,4.0,4.0,7.0,28.0,28.0,28.0,37.0,37.0,51.0,51.0,51.0,56.0,56.0,56.0,56.0,62.0,68.0,68.0,75.0,76.0,77.0,77.0,77.0,78.0,78.0,78.0,79.0,79.0,79.0,79.0,79.0,79.0,79.0,79.0,79.0,81.0,81.0,81.0,81.0,81.0,81.0,81.0,82.0,82.0,82.0,82.0,82.0,82.0,82.0,82.0,82.0,82.0,82.0,82.0,82.0,82.0,82.0,82.0,82.0,82.0,82.0,82.0,82.0,82.0,82.0,82.0,82.0,82.0,82.0,82.0,82.0,82.0,82.0,82.0,82.0,82.0,82.0,82.0,82.0,82.0,82.0,82.0,82.0,82.0,82.0,82.0,82.0,82.0,82.0,82.0,82.0,82.0,82.0,82.0,82.0,82.0,82.0,82.0,82.0,82.0,82.0,82.0,82.0,82.0,82.0,82.0,82.0,82.0,82.0,83.0,83.0,83.0,83.0,84.0,84.0,84.0,84.0,84.0,84.0,84.0,84.0,84.0,84.0,84.0,85.0,86.0,86.0,86.0,86.0,86.0,86.0,86.0,86.0,86.0,86.0,87.0,88.0,88.0,88.0,88.0,89.0,89.0,89.0,89.0,89.0,89.0,89.0,89.0,89.0,89.0,90.0,90.0,91.0,91.0,91.0,94.0,97.0,98.0,99.0,99.0,99.0,99.0,100.0,102.0,102.0,105.0,106.0,107.0,107.0,107.0,107.0,107.0,107.0,107.0,107.0,107.0,107.0,107.0,108.0,109.0,109.0,111.0,111.0,111.0,111.0,111.0,112.0,112.0,113.0,113.0,114.0,115.0,116.0,116.0,117.0,117.0,117.0,117.0,118.0,118.0,119.0,120.0,123.0,126.0,127.0,130.0,131.0,135.0,139.0,142.0,144.0,148.0,163.0
LT,Lithuania,55.169438,23.881275,0.0,0.0,0.0,0.0,0.0,0.0,0.0,0.0,0.0,0.0,0.0,0.0,0.0,0.0,0.0,0.0,0.0,0.0,0.0,0.0,0.0,0.0,0.0,0.0,0.0,0.0,0.0,0.0,0.0,0.0,0.0,0.0,0.0,0.0,0.0,0.0,0.0,1.0,1.0,1.0,1.0,1.0,1.0,1.0,1.0,1.0,1.0,1.0,1.0,3.0,3.0,6.0,8.0,12.0,17.0,25.0,27.0,36.0,49.0,83.0,143.0,179.0,209.0,274.0,299.0,358.0,394.0,460.0,491.0,537.0,581.0,649.0,696.0,771.0,811.0,843.0,880.0,912.0,955.0,999.0,1026.0,1053.0,1062.0,1070.0,1091.0,1128.0,1149.0,1239.0,1298.0,1326.0,1350.0,1370.0,1398.0,1410.0,1426.0,1438.0,1449.0,1344.0,1375.0,1385.0,1399.0,1406.0,1410.0,1419.0,1423.0,1428.0,1433.0,1436.0,1444.0,1479.0,1485.0,1491.0,1505.0,1511.0,1523.0,1534.0,1541.0,1547.0,1562.0,1577.0,1593.0,1604.0,1616.0,1623.0,1635.0,1639.0,1647.0,1656.0,1662.0,1670.0,1675.0,1678.0,1682.0,1684.0,1687.0,1694.0,1705.0,1714.0,1720.0,1727.0,1733.0,1752.0,1756.0,1763.0,1768.0,1773.0,1776.0,1778.0,1784.0,1792.0,1795.0,1798.0,1801.0,1803.0,1804.0,1806.0,1808.0,1813.0,1815.0,1816.0,1817.0,1818.0,1825.0,1828.0,1831.0,1836.0,1841.0,1844.0,1854.0,1857.0,1861.0,1865.0,1869.0,1874.0,1875.0,1882.0,1902.0,1908.0,1915.0,1932.0,1947.0,1949.0,1951.0,1960.0,1986.0,2001.0,2008.0,2019.0,2027.0,2043.0,2062.0,2075.0,2093.0,2110.0,2120.0,2137.0,2147.0,2171.0,2194.0,2231.0,2252.0,2265.0,2283.0,2309.0,2330.0,2352.0,2386.0,2416.0,2436.0,2474.0,2496.0,2528.0,2564.0,2594.0,2635.0,2673.0,2694.0,2726.0,2762.0,2810.0,2839.0,2874.0,2906.0,2929.0,2958.0,2978.0,3004.0,3040.0,3083.0,3100.0,3131.0,3163.0,3199.0,3243.0,3296.0,3335.0,3386.0,3397.0,3442.0,3504.0,3565.0,3664.0,3744.0,3814.0,3859.0,3932.0,4070.0,4184.0,4295.0,4385.0,4490.0,4587.0,4693.0,4784.0,4956.0,5081.0,5185.0,5285.0,5366.0,5483.0,5625.0,5758.0,5963.0,6122.0,6248.0,6366.0
LU,Luxembourg,49.815273,6.129583,0.0,0.0,0.0,0.0,0.0,0.0,0.0,0.0,0.0,0.0,0.0,0.0,0.0,0.0,0.0,0.0,0.0,0.0,0.0,0.0,0.0,0.0,0.0,0.0,0.0,0.0,0.0,0.0,0.0,0.0,0.0,0.0,0.0,0.0,0.0,0.0,0.0,0.0,1.0,1.0,1.0,1.0,1.0,1.0,2.0,2.0,3.0,3.0,5.0,7.0,19.0,34.0,51.0,59.0,77.0,140.0,203.0,335.0,484.0,670.0,798.0,875.0,1099.0,1333.0,1453.0,1605.0,1831.0,1950.0,1988.0,2178.0,2319.0,2487.0,2612.0,2729.0,2804.0,2843.0,2970.0,3034.0,3115.0,3223.0,3270.0,3281.0,3292.0,3307.0,3373.0,3444.0,3480.0,3537.0,3550.0,3558.0,3618.0,3654.0,3665.0,3695.0,3711.0,3723.0,3729.0,3741.0,3769.0,3784.0,3802.0,3812.0,3824.0,3828.0,3840.0,3851.0,3859.0,3871.0,3877.0,3886.0,3888.0,3894.0,3904.0,3915.0,3923.0,3930.0,3945.0,3947.0,3958.0,3971.0,3980.0,3981.0,3990.0,3992.0,3993.0,3995.0,4001.0,4008.0,4012.0,4016.0,4018.0,4019.0,4020.0,4024.0,4027.0,4032.0,4035.0,4039.0,4040.0,4046.0,4049.0,4052.0,4055.0,4063.0,4070.0,4072.0,4075.0,4085.0,4091.0,4099.0,4105.0,4120.0,4121.0,4133.0,4140.0,4151.0,4173.0,4217.0,4242.0,4256.0,4299.0,4345.0,4395.0,4447.0,4476.0,4522.0,4542.0,4603.0,4650.0,4719.0,4777.0,4842.0,4925.0,4956.0,5056.0,5122.0,5285.0,5409.0,5483.0,5605.0,5639.0,5725.0,5854.0,5952.0,6056.0,6189.0,6272.0,6321.0,6375.0,6533.0,6616.0,6695.0,6793.0,6855.0,6864.0,6917.0,7007.0,7073.0,7113.0,7169.0,7205.0,7216.0,7242.0,7300.0,7368.0,7405.0,7439.0,7458.0,7469.0,7499.0,7566.0,7637.0,7704.0,7762.0,7775.0,7794.0,7838.0,7928.0,7928.0,6580.0,6625.0,6625.0,6625.0,6625.0,6745.0,6811.0,6854.0,6896.0,6950.0,6960.0,6974.0,7023.0,7088.0,7088.0,7159.0,7159.0,7244.0,7284.0,7394.0,7541.0,7718.0,7718.0,7718.0,7916.0,8016.0,8090.0,8158.0,8233.0,8233.0,8233.0,8376.0,8431.0,8509.0,8595.0,8709.0,8709.0,8709.0,8925.0,8979.0,9119.0,9119.0,9119.0,9119.0,9119.0,9119.0,9119.0
LV,Latvia,56.879635,24.603189,0.0,0.0,0.0,0.0,0.0,0.0,0.0,0.0,0.0,0.0,0.0,0.0,0.0,0.0,0.0,0.0,0.0,0.0,0.0,0.0,0.0,0.0,0.0,0.0,0.0,0.0,0.0,0.0,0.0,0.0,0.0,0.0,0.0,0.0,0.0,0.0,0.0,0.0,0.0,0.0,1.0,1.0,1.0,1.0,1.0,1.0,2.0,6.0,8.0,10.0,10.0,17.0,26.0,30.0,34.0,49.0,71.0,86.0,111.0,124.0,139.0,180.0,197.0,221.0,244.0,280.0,305.0,347.0,376.0,398.0,446.0,458.0,493.0,509.0,533.0,542.0,548.0,577.0,589.0,612.0,630.0,651.0,655.0,657.0,666.0,675.0,682.0,712.0,727.0,739.0,748.0,761.0,778.0,784.0,804.0,812.0,818.0,836.0,849.0,858.0,870.0,871.0,879.0,896.0,896.0,900.0,909.0,928.0,930.0,939.0,946.0,950.0,951.0,962.0,970.0,997.0,1008.0,1009.0,1012.0,1016.0,1025.0,1030.0,1046.0,1047.0,1049.0,1053.0,1057.0,1061.0,1064.0,1065.0,1066.0,1066.0,1071.0,1079.0,1082.0,1085.0,1086.0,1088.0,1088.0,1089.0,1092.0,1094.0,1096.0,1097.0,1097.0,1097.0,1098.0,1104.0,1108.0,1110.0,1111.0,1111.0,1111.0,1111.0,1111.0,1111.0,1112.0,1115.0,1116.0,1117.0,1118.0,1121.0,1122.0,1122.0,1123.0,1124.0,1127.0,1134.0,1141.0,1154.0,1165.0,1173.0,1173.0,1174.0,1174.0,1178.0,1179.0,1185.0,1189.0,1192.0,1192.0,1193.0,1197.0,1203.0,1205.0,1206.0,1219.0,1219.0,1220.0,1224.0,1228.0,1231.0,1238.0,1243.0,1246.0,1249.0,1257.0,1275.0,1281.0,1288.0,1290.0,1290.0,1293.0,1303.0,1307.0,1308.0,1315.0,1322.0,1323.0,1323.0,1326.0,1327.0,1330.0,1333.0,1337.0,1337.0,1342.0,1360.0,1366.0,1375.0,1381.0,1393.0,1396.0,1404.0,1406.0,1410.0,1416.0,1425.0,1428.0,1429.0,1432.0,1443.0,1448.0,1459.0,1464.0,1474.0,1477.0,1482.0,1486.0,1494.0,1498.0,1515.0,1525.0,1526.0,1560.0,1572.0,1594.0,1625.0,1654.0,1676.0,1697.0,1729.0,1824.0,1868.0,1945.0,2019.0,2086.0,2126.0,2194.0,2261.0,2370.0,2507.0,2596.0,2670.0,2765.0,2840.0
MC,Monaco,43.750298,7.412841,0.0,0.0,0.0,0.0,0.0,0.0,0.0,0.0,0.0,0.0,0.0,0.0,0.0,0.0,0.0,0.0,0.0,0.0,0.0,0.0,0.0,0.0,0.0,0.0,0.0,0.0,0.0,0.0,0.0,0.0,0.0,0.0,0.0,0.0,0.0,0.0,0.0,0.0,1.0,1.0,1.0,1.0,1.0,1.0,1.0,1.0,1.0,1.0,1.0,1.0,2.0,2.0,2.0,2.0,7.0,7.0,7.0,7.0,11.0,11.0,23.0,23.0,23.0,31.0,33.0,42.0,42.0,46.0,49.0,52.0,55.0,60.0,64.0,66.0,73.0,77.0,79.0,81.0,84.0,90.0,92.0,93.0,93.0,93.0,93.0,93.0,94.0,94.0,94.0,94.0,94.0,94.0,94.0,94.0,94.0,94.0,95.0,95.0,95.0,95.0,95.0,95.0,95.0,95.0,95.0,95.0,95.0,95.0,96.0,96.0,96.0,96.0,96.0,96.0,96.0,96.0,96.0,97.0,97.0,97.0,97.0,97.0,98.0,98.0,98.0,98.0,98.0,98.0,98.0,99.0,99.0,99.0,99.0,99.0,99.0,99.0,99.0,99.0,99.0,99.0,99.0,99.0,99.0,99.0,99.0,99.0,99.0,99.0,99.0,99.0,99.0,100.0,101.0,101.0,102.0,102.0,102.0,103.0,103.0,103.0,103.0,103.0,106.0,106.0,106.0,108.0,108.0,108.0,108.0,108.0,108.0,109.0,109.0,109.0,109.0,109.0,109.0,109.0,109.0,109.0,109.0,111.0,112.0,114.0,116.0,116.0,116.0,116.0,117.0,120.0,120.0,120.0,120.0,120.0,121.0,123.0,125.0,125.0,128.0,131.0,133.0,133.0,138.0,141.0,144.0,146.0,146.0,146.0,148.0,148.0,148.0,150.0,154.0,154.0,154.0,154.0,154.0,154.0,154.0,154.0,154.0,154.0,154.0,154.0,142.0,143.0,147.0,147.0,147.0,153.0,156.0,161.0,165.0,168.0,169.0,171.0,177.0,178.0,181.0,186.0,191.0,192.0,193.0,195.0,197.0,199.0,205.0,208.0,210.0,210.0,212.0,214.0,218.0,219.0,221.0,222.0,222.0,223.0,224.0,227.0,229.0,233.0,233.0,234.0,236.0,241.0
MD,Moldova,47.411631,28.369885,0.0,0.0,0.0,0.0,0.0,0.0,0.0,0.0,0.0,0.0,0.0,0.0,0.0,0.0,0.0,0.0,0.0,0.0,0.0,0.0,0.0,0.0,0.0,0.0,0.0,0.0,0.0,0.0,0.0,0.0,0.0,0.0,0.0,0.0,0.0,0.0,0.0,0.0,0.0,0.0,0.0,0.0,0.0,0.0,0.0,0.0,1.0,1.0,3.0,3.0,3.0,6.0,12.0,23.0,23.0,30.0,30.0,49.0,66.0,80.0,94.0,109.0,125.0,149.0,177.0,199.0,231.0,263.0,298.0,353.0,423.0,505.0,591.0,752.0,864.0,965.0,1056.0,1174.0,1289.0,1438.0,1560.0,1662.0,1712.0,1934.0,2049.0,2154.0,2264.0,2378.0,2472.0,2548.0,2614.0,2778.0,2926.0,3110.0,3304.0,3408.0,3481.0,3638.0,3771.0,3897.0,3980.0,4052.0,4121.0,4248.0,4363.0,4476.0,4605.0,4728.0,4867.0,4927.0,4995.0,5154.0,5406.0,5553.0,5745.0,5934.0,6060.0,6138.0,6340.0,6553.0,6704.0,6847.0,6994.0,7093.0,7147.0,7305.0,7537.0,7725.0,7896.0,8098.0,8251.0,8360.0,8548.0,8795.0,9018.0,9247.0,9511.0,9700.0,9807.0,10025.0,10321.0,10727.0,11093.0,11459.0,11740.0,11879.0,12254.0,12732.0,13106.0,13556.0,13953.0,14200.0,14363.0,14714.0,15078.0,15453.0,15776.0,16080.0,16250.0,16357.0,16613.0,16898.0,17150.0,17445.0,17672.0,17814.0,17906.0,18141.0,18471.0,18666.0,18924.0,19208.0,19382.0,19439.0,19708.0,20040.0,20264.0,20494.0,20794.0,20980.0,21115.0,21442.0,21798.0,22105.0,22483.0,22828.0,23034.0,23154.0,23521.0,23947.0,24343.0,24733.0,25113.0,25362.0,25482.0,25814.0,26222.0,26628.0,26990.0,27443.0,27660.0,27841.0,28223.0,28697.0,29087.0,29483.0,29905.0,30183.0,30377.0,30789.0,31415.0,31937.0,32484.0,33072.0,33478.0,33828.0,34358.0,34982.0,35546.0,35904.0,36404.0,36700.0,36920.0,37208.0,37740.0,38372.0,38906.0,39473.0,39797.0,40055.0,40556.0,41144.0,41704.0,42183.0,42714.0,42978.0,43207.0,43734.0,44361.0,44983.0,45648.0,46336.0,46596.0,46796.0,47446.0,48232.0,48953.0,49666.0,50534.0,50875.0,51194.0,52029.0,53042.0,54064.0,55016.0,55888.0,56579.0,56901.0,57732.0,58794.0,59915.0,60833.0,61762.0,62151.0,62618.0,63275.0
ME,Montenegro,42.708678,19.37439,0.0,0.0,0.0,0.0,0.0,0.0,0.0,0.0,0.0,0.0,0.0,0.0,0.0,0.0,0.0,0.0,0.0,0.0,0.0,0.0,0.0,0.0,0.0,0.0,0.0,0.0,0.0,0.0,0.0,0.0,0.0,0.0,0.0,0.0,0.0,0.0,0.0,0.0,0.0,0.0,0.0,0.0,0.0,0.0,0.0,0.0,0.0,0.0,0.0,0.0,0.0,0.0,0.0,0.0,0.0,2.0,2.0,3.0,14.0,14.0,21.0,27.0,47.0,52.0,69.0,82.0,84.0,85.0,91.0,109.0,123.0,144.0,174.0,201.0,214.0,233.0,241.0,248.0,252.0,255.0,263.0,272.0,274.0,283.0,288.0,303.0,303.0,307.0,308.0,312.0,313.0,315.0,316.0,319.0,320.0,321.0,321.0,321.0,322.0,322.0,322.0,322.0,322.0,323.0,324.0,324.0,324.0,324.0,324.0,324.0,324.0,324.0,324.0,324.0,324.0,324.0,324.0,324.0,324.0,324.0,324.0,324.0,324.0,324.0,324.0,324.0,324.0,324.0,324.0,324.0,324.0,324.0,324.0,324.0,324.0,324.0,324.0,324.0,324.0,324.0,324.0,324.0,324.0,324.0,325.0,326.0,326.0,333.0,337.0,355.0,359.0,362.0,367.0,378.0,389.0,414.0,439.0,469.0,481.0,501.0,548.0,576.0,616.0,663.0,720.0,781.0,841.0,907.0,960.0,1019.0,1019.0,1164.0,1221.0,1287.0,1287.0,1287.0,1287.0,1965.0,2072.0,2188.0,2188.0,2381.0,2472.0,2569.0,2665.0,2747.0,2799.0,2893.0,2949.0,3016.0,3016.0,3073.0,3198.0,3258.0,3301.0,3361.0,3411.0,3480.0,3549.0,3588.0,3618.0,3696.0,3748.0,3813.0,3857.0,3930.0,3960.0,4035.0,4085.0,4132.0,4174.0,4229.0,4277.0,4313.0,4343.0,4378.0,4444.0,4499.0,4558.0,4663.0,4727.0,4790.0,4835.0,4917.0,5019.0,5165.0,5275.0,5422.0,5553.0,5659.0,5875.0,6094.0,6222.0,6385.0,6530.0,6712.0,6900.0,7061.0,7291.0,7503.0,7711.0,7898.0,8612.0,8842.0,9138.0,9428.0,9717.0,9962.0,10197.0,10313.0,10441.0,10575.0,10772.0,10987.0,11690.0,11934.0,12127.0,12359.0,12584.0,12794.0,13004.0,13348.0,13641.0,13869.0,14050.0,14268.0
MK,North Macedonia,41.608635,21.745275,0.0,0.0,0.0,0.0,0.0,0.0,0.0,0.0,0.0,0.0,0.0,0.0,0.0,0.0,0.0,0.0,0.0,0.0,0.0,0.0,0.0,0.0,0.0,0.0,0.0,0.0,0.0,0.0,0.0,0.0,0.0,0.0,0.0,0.0,0.0,1.0,1.0,1.0,1.0,1.0,1.0,1.0,1.0,1.0,3.0,3.0,3.0,3.0,7.0,7.0,7.0,14.0,14.0,14.0,18.0,26.0,35.0,48.0,67.0,85.0,115.0,136.0,148.0,177.0,201.0,219.0,241.0,259.0,285.0,329.0,354.0,384.0,430.0,483.0,555.0,570.0,599.0,617.0,663.0,711.0,760.0,828.0,854.0,908.0,974.0,1081.0,1117.0,1170.0,1207.0,1225.0,1231.0,1259.0,1300.0,1326.0,1367.0,1386.0,1399.0,1421.0,1442.0,1465.0,1494.0,1506.0,1511.0,1518.0,1526.0,1539.0,1572.0,1586.0,1622.0,1642.0,1664.0,1674.0,1694.0,1723.0,1740.0,1762.0,1792.0,1817.0,1839.0,1858.0,1898.0,1921.0,1941.0,1978.0,1999.0,2014.0,2039.0,2077.0,2129.0,2164.0,2226.0,2315.0,2391.0,2492.0,2611.0,2790.0,2915.0,3025.0,3152.0,3239.0,3364.0,3538.0,3701.0,3895.0,4057.0,4157.0,4299.0,4482.0,4664.0,4820.0,5005.0,5106.0,5196.0,5311.0,5445.0,5595.0,5758.0,5906.0,6080.0,6209.0,6334.0,6454.0,6625.0,6787.0,6932.0,7046.0,7124.0,7244.0,7406.0,7572.0,7777.0,7975.0,8111.0,8197.0,8332.0,8530.0,8623.0,8786.0,9026.0,9153.0,9249.0,9412.0,9547.0,9669.0,9797.0,9934.0,10086.0,10213.0,10315.0,10503.0,10617.0,10754.0,10891.0,11054.0,11128.0,11202.0,11289.0,11399.0,11554.0,11754.0,11839.0,11942.0,12083.0,12217.0,12357.0,12515.0,12653.0,12739.0,12840.0,12970.0,13076.0,13194.0,13308.0,13458.0,13595.0,13673.0,13799.0,13914.0,14004.0,14163.0,14293.0,14330.0,14341.0,14455.0,14600.0,14762.0,14871.0,14998.0,15090.0,15127.0,15226.0,15293.0,15414.0,15555.0,15694.0,15791.0,15827.0,15925.0,16088.0,16274.0,16417.0,16557.0,16735.0,16780.0,16867.0,17049.0,17200.0,17343.0,17483.0,17629.0,17674.0,17786.0,17977.0,18138.0,18363.0,18602.0,18790.0,18873.0,19096.0,19413.0,19777.0,20163.0,20555.0,20937.0,21113.0,21193.0
MT,Malta,35.937496,14.375416,0.0,0.0,0.0,0.0,0.0,0.0,0.0,0.0,0.0,0.0,0.0,0.0,0.0,0.0,0.0,0.0,0.0,0.0,0.0,0.0,0.0,0.0,0.0,0.0,0.0,0.0,0.0,0.0,0.0,0.0,0.0,0.0,0.0,0.0,0.0,0.0,0.0,0.0,0.0,0.0,0.0,0.0,0.0,0.0,0.0,3.0,3.0,3.0,5.0,6.0,6.0,12.0,18.0,21.0,30.0,38.0,38.0,53.0,64.0,73.0,90.0,107.0,110.0,129.0,134.0,139.0,149.0,151.0,156.0,169.0,188.0,196.0,202.0,213.0,227.0,241.0,293.0,299.0,337.0,350.0,370.0,378.0,384.0,393.0,399.0,412.0,422.0,426.0,427.0,431.0,443.0,444.0,445.0,447.0,448.0,448.0,450.0,458.0,463.0,465.0,467.0,468.0,477.0,480.0,482.0,484.0,486.0,489.0,490.0,496.0,503.0,506.0,508.0,522.0,532.0,546.0,553.0,558.0,569.0,584.0,599.0,600.0,609.0,610.0,611.0,611.0,612.0,616.0,616.0,618.0,618.0,619.0,620.0,622.0,622.0,625.0,627.0,629.0,630.0,632.0,635.0,640.0,645.0,646.0,649.0,650.0,656.0,662.0,663.0,663.0,664.0,665.0,665.0,665.0,665.0,668.0,670.0,670.0,670.0,670.0,670.0,671.0,671.0,672.0,672.0,672.0,672.0,673.0,673.0,674.0,674.0,674.0,674.0,674.0,674.0,674.0,674.0,674.0,675.0,677.0,677.0,677.0,679.0,680.0,686.0,686.0,700.0,701.0,708.0,720.0,814.0,824.0,845.0,860.0,874.0,890.0,926.0,946.0,995.0,1035.0,1089.0,1112.0,1141.0,1190.0,1245.0,1276.0,1348.0,1306.0,1375.0,1423.0,1470.0,1510.0,1546.0,1577.0,1612.0,1667.0,1705.0,1751.0,1788.0,1820.0,1847.0,1862.0,1883.0,1909.0,1931.0,1965.0,1984.0,2014.0,2039.0,2076.0,2099.0,2162.0,2204.0,2247.0,2274.0,2352.0,2405.0,2454.0,2560.0,2595.0,2634.0,2699.0,2731.0,2776.0,2814.0,2856.0,2898.0,2929.0,2958.0,2979.0,3006.0,3035.0,3058.0,3095.0,3139.0,3204.0,3270.0,3327.0,3374.0,3442.0,3506.0,3581.0,3681.0,3776.0,3844.0,3937.0
NL,Netherlands,52.132633,5.291266,0.0,0.0,0.0,0.0,0.0,0.0,0.0,0.0,0.0,0.0,0.0,0.0,0.0,0.0,0.0,0.0,0.0,0.0,0.0,0.0,0.0,0.0,0.0,0.0,0.0,0.0,0.0,0.0,0.0,0.0,0.0,0.0,0.0,0.0,0.0,0.0,1.0,1.0,6.0,10.0,18.0,24.0,38.0,82.0,128.0,188.0,265.0,321.0,382.0,503.0,503.0,804.0,959.0,1135.0,1413.0,1705.0,2051.0,2460.0,2994.0,3631.0,4204.0,4749.0,5560.0,6412.0,7431.0,8603.0,9762.0,10866.0,11750.0,12595.0,13614.0,14697.0,15723.0,16627.0,17851.0,18803.0,19580.0,20549.0,21762.0,23097.0,24413.0,25587.0,26551.0,27419.0,28153.0,29214.0,30449.0,31589.0,32655.0,33405.0,34134.0,34842.0,35729.0,36535.0,37190.0,37845.0,38245.0,38416.0,38802.0,39316.0,39791.0,40236.0,40571.0,40770.0,41087.0,41319.0,41774.0,42093.0,42382.0,42627.0,42788.0,42984.0,43211.0,43481.0,43681.0,43870.0,43995.0,44141.0,44249.0,44447.0,44700.0,44888.0,45064.0,45236.0,45445.0,45578.0,45768.0,45950.0,46126.0,46257.0,46442.0,46545.0,46647.0,46733.0,46942.0,47152.0,47335.0,47574.0,47739.0,47903.0,48087.0,48251.0,48461.0,48640.0,48783.0,48948.0,49087.0,49204.0,49319.0,49426.0,49502.0,49593.0,49658.0,49722.0,49804.0,49914.0,50005.0,50074.0,50147.0,50223.0,50273.0,50335.0,50412.0,50487.0,50548.0,50621.0,50657.0,50694.0,50746.0,50798.0,50840.0,50921.0,51022.0,51093.0,51146.0,51252.0,51351.0,51454.0,51581.0,51725.0,51910.0,52073.0,52241.0,52404.0,52595.0,52732.0,53005.0,53151.0,53374.0,53621.0,53963.0,54301.0,54732.0,55098.0,55470.0,55955.0,56381.0,56982.0,57501.0,57987.0,58564.0,59194.0,59424.0,60627.0,61204.0,61840.0,62495.0,63002.0,63484.0,63973.0,64525.0,65054.0,65589.0,66097.0,66554.0,67128.0,67543.0,68114.0,68624.0,69131.0,69632.0,70140.0,70667.0,71129.0,71863.0,72464.0,73208.0,73862.0,74787.0,75584.0,76548.0,77688.0,78511.0,79781.0,81012.0,82099.0,83399.0,84778.0,86320.0,88073.0,90047.0,91934.0,93778.0,95995.0,98240.0,100597.0,103141.0,105918.0,108631.0,111626.0,114540.0,117551.0,120845.0,124097.0,127922.0,131889.0,135892.0,135892.0,144999.0,149988.0,155810.0,161781.0,168280.0,174653.0,181498.0,188876.0
NO,Norway,60.472024,8.468946,0.0,0.0,0.0,0.0,0.0,0.0,0.0,0.0,0.0,0.0,0.0,0.0,0.0,0.0,0.0,0.0,0.0,0.0,0.0,0.0,0.0,0.0,0.0,0.0,0.0,0.0,0.0,0.0,0.0,0.0,0.0,0.0,0.0,0.0,0.0,1.0,1.0,6.0,15.0,19.0,25.0,32.0,56.0,87.0,108.0,147.0,176.0,205.0,400.0,598.0,702.0,996.0,1090.0,1221.0,1333.0,1463.0,1550.0,1746.0,1914.0,2118.0,2385.0,2621.0,2863.0,3084.0,3369.0,3755.0,4015.0,4284.0,4445.0,4641.0,4863.0,5147.0,5370.0,5550.0,5687.0,5865.0,6086.0,6086.0,6211.0,6314.0,6409.0,6525.0,6603.0,6623.0,6740.0,6896.0,6937.0,7036.0,7078.0,7156.0,7191.0,7338.0,7401.0,7463.0,7499.0,7527.0,7599.0,7660.0,7710.0,7738.0,7783.0,7809.0,7847.0,7904.0,7955.0,7996.0,8034.0,8070.0,8099.0,8105.0,8132.0,8157.0,8175.0,8196.0,8219.0,8237.0,8249.0,8257.0,8267.0,8281.0,8309.0,8332.0,8346.0,8352.0,8364.0,8383.0,8401.0,8411.0,8422.0,8437.0,8440.0,8446.0,8455.0,8477.0,8504.0,8522.0,8531.0,8547.0,8561.0,8576.0,8594.0,8608.0,8620.0,8628.0,8631.0,8647.0,8660.0,8692.0,8708.0,8726.0,8742.0,8745.0,8751.0,8772.0,8788.0,8788.0,8832.0,8846.0,8855.0,8862.0,8879.0,8896.0,8902.0,8921.0,8926.0,8930.0,8936.0,8947.0,8950.0,8965.0,8974.0,8977.0,8981.0,8984.0,9001.0,9011.0,9015.0,9025.0,9028.0,9028.0,9034.0,9053.0,9059.0,9085.0,9092.0,9111.0,9117.0,9132.0,9150.0,9172.0,9208.0,9240.0,9253.0,9268.0,9334.0,9362.0,9409.0,9468.0,9551.0,9599.0,9638.0,9684.0,9751.0,9783.0,9851.0,9908.0,9965.0,10005.0,10060.0,10111.0,10162.0,10197.0,10275.0,10299.0,10323.0,10395.0,10454.0,10504.0,10542.0,10582.0,10611.0,10643.0,10782.0,10871.0,11034.0,11120.0,11231.0,11296.0,11388.0,11521.0,11623.0,11746.0,11867.0,12003.0,12079.0,12154.0,12276.0,12393.0,12498.0,12644.0,12769.0,12858.0,12897.0,13005.0,13153.0,13277.0,13406.0,13545.0,13627.0,13698.0,13788.0,13915.0,14027.0,14149.0,14284.0,14362.0,14457.0,14605.0,14784.0,15013.0,15221.0,15388.0,15466.0,15524.0,15639.0,15793.0
PL,Poland,51.919438,19.145136,0.0,0.0,0.0,0.0,0.0,0.0,0.0,0.0,0.0,0.0,0.0,0.0,0.0,0.0,0.0,0.0,0.0,0.0,0.0,0.0,0.0,0.0,0.0,0.0,0.0,0.0,0.0,0.0,0.0,0.0,0.0,0.0,0.0,0.0,0.0,0.0,0.0,0.0,0.0,0.0,0.0,0.0,1.0,1.0,5.0,5.0,11.0,16.0,22.0,31.0,49.0,68.0,103.0,119.0,177.0,238.0,251.0,355.0,425.0,536.0,634.0,749.0,901.0,1051.0,1221.0,1389.0,1638.0,1862.0,2055.0,2311.0,2554.0,2946.0,3383.0,3627.0,4102.0,4413.0,4848.0,5205.0,5575.0,5955.0,6356.0,6674.0,6934.0,7202.0,7582.0,7918.0,8379.0,8742.0,9287.0,9593.0,9856.0,10169.0,10511.0,10892.0,11273.0,11617.0,11902.0,12218.0,12640.0,12877.0,13105.0,13375.0,13693.0,14006.0,14431.0,14740.0,15047.0,15366.0,15651.0,15996.0,16326.0,16921.0,17204.0,17615.0,18016.0,18257.0,18529.0,18885.0,19268.0,19739.0,20143.0,20619.0,20931.0,21326.0,21631.0,22074.0,22473.0,22825.0,23155.0,23571.0,23786.0,24165.0,24395.0,24687.0,25048.0,25410.0,25986.0,26561.0,27160.0,27560.0,27842.0,28201.0,28577.0,29017.0,29392.0,29788.0,30195.0,30701.0,31015.0,31316.0,31620.0,31931.0,32227.0,32527.0,32821.0,33119.0,33395.0,33714.0,33907.0,34154.0,34393.0,34775.0,35146.0,35405.0,35719.0,35950.0,36155.0,36412.0,36689.0,36951.0,37216.0,37521.0,37891.0,38190.0,38457.0,38721.0,39054.0,39407.0,39746.0,40104.0,40383.0,40782.0,41162.0,41580.0,42038.0,42622.0,43065.0,43402.0,43904.0,44416.0,45031.0,45688.0,46346.0,46894.0,47469.0,48149.0,48789.0,49515.0,50324.0,51167.0,51791.0,52410.0,52961.0,53676.0,54487.0,55319.0,56090.0,56684.0,57279.0,57876.0,58611.0,59378.0,60281.0,61181.0,61762.0,62310.0,63073.0,63802.0,64689.0,65480.0,66239.0,66870.0,67372.0,67922.0,68517.0,69129.0,69820.0,70387.0,70824.0,71126.0,71526.0,71947.0,72453.0,73047.0,73650.0,74152.0,74529.0,75134.0,75734.0,76571.0,77328.0,78330.0,79240.0,79988.0,80699.0,81673.0,82809.0,84396.0,85980.0,87330.0,88636.0,89962.0,91514.0,93481.0,95773.0,98140.0,100074.0,102080.0,104316.0,107319.0,111599.0,116338.0,121638.0,125816.0,130210.0,135278.0
PT,Portugal,39.399872,-8.224454,0.0,0.0,0.0,0.0,0.0,0.0,0.0,0.0,0.0,0.0,0.0,0.0,0.0,0.0,0.0,0.0,0.0,0.0,0.0,0.0,0.0,0.0,0.0,0.0,0.0,0.0,0.0,0.0,0.0,0.0,0.0,0.0,0.0,0.0,0.0,0.0,0.0,0.0,0.0,0.0,2.0,2.0,5.0,8.0,13.0,20.0,30.0,30.0,41.0,59.0,59.0,112.0,169.0,245.0,331.0,448.0,448.0,785.0,1020.0,1280.0,1600.0,2060.0,2362.0,2995.0,3544.0,4268.0,5170.0,5962.0,6408.0,7443.0,8251.0,9034.0,9886.0,10524.0,11278.0,11730.0,12442.0,13141.0,13956.0,15472.0,15987.0,16585.0,16934.0,17448.0,18091.0,18841.0,19022.0,19685.0,20206.0,20863.0,21379.0,21982.0,22353.0,22797.0,23392.0,23864.0,24027.0,24322.0,24505.0,25045.0,25351.0,25190.0,25282.0,25524.0,25702.0,26182.0,26715.0,27268.0,27406.0,27581.0,27679.0,27913.0,28132.0,28319.0,28583.0,28810.0,29036.0,29209.0,29432.0,29660.0,29912.0,30200.0,30471.0,30623.0,30788.0,31007.0,31292.0,31596.0,31946.0,32203.0,32500.0,32700.0,32895.0,33261.0,33592.0,33969.0,34351.0,34693.0,34885.0,35306.0,35600.0,35910.0,36180.0,36463.0,36690.0,37036.0,37336.0,37672.0,38089.0,38464.0,38841.0,39133.0,39392.0,39737.0,40104.0,40415.0,40866.0,41189.0,41646.0,41912.0,42141.0,42454.0,42782.0,43156.0,43569.0,43897.0,44129.0,44416.0,44859.0,45277.0,45679.0,46221.0,46512.0,46818.0,47051.0,47426.0,47765.0,48077.0,48390.0,48636.0,48771.0,48898.0,49150.0,49379.0,49692.0,49955.0,50164.0,50299.0,50410.0,50613.0,50868.0,51072.0,51310.0,51463.0,51569.0,51681.0,51848.0,52061.0,52351.0,52537.0,52668.0,52825.0,52945.0,53223.0,53548.0,53783.0,53981.0,54102.0,54234.0,54448.0,54701.0,54992.0,55211.0,55452.0,55597.0,55720.0,55912.0,56274.0,56673.0,57074.0,57448.0,57768.0,58012.0,58243.0,58633.0,59051.0,59457.0,59943.0,60258.0,60507.0,60895.0,61541.0,62126.0,62813.0,63310.0,63983.0,64596.0,65021.0,65626.0,66396.0,67176.0,68025.0,68577.0,69200.0,69663.0,70465.0,71156.0,72055.0,72939.0,73604.0,74029.0,74717.0,75542.0,76396.0,77284.0,78247.0,79151.0,79885.0,80312.0,81256.0,82534.0,83928.0,85574.0,86664.0,87913.0,89121.0
RO,Romania,45.943161,24.96676,0.0,0.0,0.0,0.0,0.0,0.0,0.0,0.0,0.0,0.0,0.0,0.0,0.0,0.0,0.0,0.0,0.0,0.0,0.0,0.0,0.0,0.0,0.0,0.0,0.0,0.0,0.0,0.0,0.0,0.0,0.0,0.0,0.0,0.0,0.0,1.0,1.0,3.0,3.0,3.0,3.0,3.0,4.0,6.0,9.0,9.0,15.0,15.0,25.0,45.0,49.0,89.0,123.0,131.0,158.0,184.0,260.0,277.0,308.0,367.0,433.0,576.0,794.0,906.0,1029.0,1292.0,1452.0,1815.0,2109.0,2245.0,2460.0,2738.0,3183.0,3613.0,3864.0,4057.0,4417.0,4761.0,5202.0,5467.0,5990.0,6300.0,6633.0,6879.0,7216.0,7707.0,8067.0,8418.0,8746.0,8936.0,9242.0,9710.0,10096.0,10417.0,10635.0,11036.0,11339.0,11616.0,11978.0,12240.0,12567.0,12732.0,13163.0,13512.0,13837.0,14107.0,14499.0,14811.0,15131.0,15362.0,15588.0,15778.0,16002.0,16247.0,16437.0,16704.0,16871.0,17036.0,17191.0,17387.0,17585.0,17712.0,17857.0,18070.0,18283.0,18429.0,18594.0,18791.0,18982.0,19133.0,19257.0,19398.0,19517.0,19669.0,19907.0,20103.0,20290.0,20479.0,20604.0,20749.0,20945.0,21182.0,21404.0,21679.0,21999.0,22165.0,22415.0,22760.0,23080.0,23400.0,23730.0,24045.0,24291.0,24505.0,24826.0,25286.0,25697.0,26022.0,26313.0,26582.0,26970.0,27296.0,27746.0,28166.0,28582.0,28973.0,29223.0,29620.0,30175.0,30789.0,31381.0,32079.0,32535.0,32948.0,33585.0,34226.0,35003.0,35802.0,36691.0,37458.0,38139.0,39133.0,40163.0,41275.0,42394.0,43678.0,44798.0,45902.0,47053.0,48235.0,49591.0,50886.0,52111.0,53186.0,54009.0,55241.0,56550.0,57895.0,59273.0,60623.0,61768.0,62547.0,63762.0,65177.0,66631.0,68046.0,69374.0,70461.0,71194.0,72208.0,73617.0,74963.0,76355.0,77544.0,78505.0,79330.0,80390.0,81646.0,83150.0,84468.0,85833.0,86785.0,87540.0,88593.0,89891.0,91256.0,92595.0,93864.0,95014.0,95897.0,97033.0,98304.0,99684.0,101075.0,102386.0,103495.0,104187.0,105298.0,107011.0,108690.0,110217.0,111550.0,112781.0,113589.0,114648.0,116415.0,118054.0,119683.0,121235.0,122673.0,123944.0,125414.0,127572.0,129658.0,132001.0,134065.0,135900.0,137491.0,139612.0,142570.0,145700.0,148886.0,152403.0,155283.0,157352.0,160461.0
RS,Serbia,44.016521,21.005859,0.0,0.0,0.0,0.0,0.0,0.0,0.0,0.0,0.0,0.0,0.0,0.0,0.0,0.0,0.0,0.0,0.0,0.0,0.0,0.0,0.0,0.0,0.0,0.0,0.0,0.0,0.0,0.0,0.0,0.0,0.0,0.0,0.0,0.0,0.0,0.0,0.0,0.0,0.0,0.0,0.0,0.0,0.0,0.0,1.0,1.0,1.0,1.0,5.0,12.0,19.0,35.0,46.0,48.0,55.0,65.0,83.0,103.0,135.0,171.0,222.0,249.0,303.0,384.0,384.0,457.0,659.0,741.0,785.0,900.0,1060.0,1171.0,1476.0,1624.0,1908.0,2200.0,2447.0,2666.0,2867.0,3105.0,3380.0,3630.0,4054.0,4465.0,4873.0,5318.0,5690.0,5994.0,6318.0,6630.0,6890.0,7144.0,7276.0,7483.0,7779.0,8042.0,8275.0,8497.0,8724.0,9009.0,9009.0,9362.0,9464.0,9557.0,9677.0,9791.0,9848.0,9943.0,10032.0,10032.0,10176.0,10243.0,10295.0,10374.0,10438.0,10496.0,10610.0,10699.0,10733.0,10833.0,10919.0,11024.0,11092.0,11159.0,11193.0,11227.0,11275.0,11300.0,11354.0,11381.0,11412.0,11430.0,11454.0,11523.0,11571.0,11667.0,11741.0,11823.0,11896.0,11965.0,12031.0,12102.0,12175.0,12251.0,12310.0,12367.0,12426.0,12522.0,12616.0,12709.0,12803.0,12894.0,12990.0,13092.0,13235.0,13372.0,13565.0,13792.0,14046.0,14288.0,14564.0,14836.0,15195.0,15504.0,15829.0,16131.0,16420.0,16719.0,17076.0,17342.0,17728.0,18073.0,18360.0,18639.0,18983.0,19334.0,19717.0,20109.0,20498.0,20894.0,21253.0,21605.0,22031.0,22443.0,22852.0,22852.0,23730.0,24141.0,24520.0,24892.0,25213.0,25552.0,25882.0,26193.0,26451.0,26738.0,27033.0,27332.0,27608.0,27863.0,28099.0,28262.0,28497.0,28751.0,28998.0,29233.0,29471.0,29682.0,29782.0,29890.0,30048.0,30209.0,30378.0,30548.0,30657.0,30714.0,30820.0,30974.0,31099.0,31207.0,31282.0,31365.0,31406.0,31482.0,31581.0,31676.0,31772.0,31849.0,31905.0,31941.0,31994.0,32078.0,32136.0,32228.0,32300.0,32408.0,32437.0,32511.0,32613.0,32695.0,32757.0,32840.0,32908.0,32938.0,32999.0,33080.0,33163.0,33238.0,33312.0,33384.0,33414.0,33479.0,33551.0,33662.0,33735.0,33842.0,33901.0,33952.0,34072.0,34193.0,34344.0,34517.0,34685.0,34787.0,34854.0,35006.0
SE,Sweden,60.128161,18.643501,0.0,0.0,0.0,0.0,0.0,0.0,0.0,0.0,0.0,0.0,1.0,1.0,1.0,1.0,1.0,1.0,1.0,1.0,1.0,1.0,1.0,1.0,1.0,1.0,1.0,1.0,1.0,1.0,1.0,1.0,1.0,1.0,1.0,1.0,1.0,2.0,3.0,11.0,14.0,14.0,19.0,32.0,62.0,87.0,146.0,179.0,225.0,326.0,424.0,620.0,771.0,923.0,994.0,1063.0,1146.0,1265.0,1410.0,1553.0,1733.0,1868.0,1986.0,2168.0,2398.0,2712.0,2998.0,3363.0,3663.0,3943.0,4359.0,4834.0,5320.0,5874.0,6475.0,6832.0,7172.0,7561.0,8299.0,8954.0,9599.0,10053.0,10448.0,10912.0,11349.0,11828.0,12432.0,13055.0,13743.0,14275.0,14663.0,15124.0,15831.0,16553.0,17311.0,18090.0,18563.0,18863.0,19426.0,20168.0,20966.0,21601.0,22133.0,22432.0,22693.0,23169.0,23826.0,24572.0,25359.0,26059.0,26568.0,26846.0,27301.0,28055.0,28755.0,29415.0,30103.0,30461.0,30720.0,31151.0,31818.0,32626.0,33236.0,33768.0,34171.0,34381.0,34871.0,35617.0,36417.0,37191.0,37964.0,38396.0,38661.0,39309.0,40210.0,41256.0,42295.0,43441.0,44224.0,44686.0,45363.0,46299.0,47736.0,49030.0,50367.0,51409.0,51827.0,52511.0,53729.0,55186.0,56682.0,57895.0,58597.0,58918.0,59718.0,61030.0,62728.0,64009.0,65212.0,65972.0,66392.0,67119.0,67924.0,68608.0,69297.0,69996.0,70366.0,70681.0,70932.0,71210.0,71747.0,72082.0,72459.0,72773.0,72879.0,73049.0,73364.0,73663.0,73936.0,74235.0,74435.0,74545.0,74676.0,74902.0,75199.0,75419.0,75681.0,75819.0,75861.0,75932.0,76215.0,76516.0,76818.0,77076.0,77379.0,77417.0,77582.0,77916.0,78341.0,78719.0,79099.0,79359.0,79432.0,79628.0,80045.0,80489.0,80851.0,81195.0,81421.0,81484.0,81658.0,81972.0,82323.0,82656.0,82954.0,83114.0,83171.0,83353.0,83578.0,83824.0,83958.0,83958.0,83958.0,83958.0,84379.0,84521.0,84532.0,84729.0,84985.0,84985.0,84985.0,85558.0,85707.0,85880.0,86194.0,86505.0,86505.0,86505.0,86505.0,87345.0,87575.0,87885.0,88237.0,88237.0,88237.0,88237.0,89436.0,89756.0,90289.0,90923.0,90923.0,90923.0,90923.0,92466.0,92863.0,93615.0,94283.0,94283.0,94283.0,94283.0,96145.0,96677.0,97532.0,98451.0,98451.0,98451.0,98451.0,100654.0
SI,Slovenia,46.151241,14.995463,0.0,0.0,0.0,0.0,0.0,0.0,0.0,0.0,0.0,0.0,0.0,0.0,0.0,0.0,0.0,0.0,0.0,0.0,0.0,0.0,0.0,0.0,0.0,0.0,0.0,0.0,0.0,0.0,0.0,0.0,0.0,0.0,0.0,0.0,0.0,0.0,0.0,0.0,0.0,0.0,0.0,0.0,0.0,2.0,7.0,7.0,16.0,16.0,31.0,57.0,89.0,141.0,181.0,219.0,253.0,275.0,275.0,286.0,341.0,383.0,414.0,442.0,480.0,528.0,562.0,632.0,684.0,730.0,756.0,802.0,841.0,897.0,934.0,977.0,997.0,1021.0,1059.0,1091.0,1124.0,1160.0,1188.0,1205.0,1212.0,1220.0,1248.0,1268.0,1304.0,1317.0,1330.0,1335.0,1344.0,1353.0,1366.0,1373.0,1388.0,1396.0,1402.0,1408.0,1418.0,1429.0,1434.0,1439.0,1439.0,1439.0,1445.0,1448.0,1449.0,1450.0,1454.0,1457.0,1460.0,1461.0,1463.0,1464.0,1465.0,1465.0,1466.0,1466.0,1467.0,1468.0,1468.0,1468.0,1468.0,1468.0,1469.0,1469.0,1471.0,1473.0,1473.0,1473.0,1473.0,1473.0,1475.0,1477.0,1477.0,1479.0,1484.0,1485.0,1485.0,1486.0,1488.0,1488.0,1490.0,1492.0,1495.0,1496.0,1499.0,1503.0,1511.0,1513.0,1519.0,1520.0,1521.0,1534.0,1541.0,1547.0,1558.0,1572.0,1581.0,1585.0,1600.0,1613.0,1634.0,1650.0,1679.0,1700.0,1716.0,1739.0,1763.0,1776.0,1793.0,1827.0,1841.0,1849.0,1859.0,1878.0,1897.0,1916.0,1940.0,1946.0,1953.0,1977.0,2006.0,2033.0,2052.0,2066.0,2082.0,2087.0,2101.0,2115.0,2139.0,2156.0,2171.0,2180.0,2181.0,2190.0,2208.0,2223.0,2233.0,2247.0,2249.0,2255.0,2272.0,2303.0,2332.0,2369.0,2401.0,2416.0,2429.0,2456.0,2493.0,2536.0,2574.0,2617.0,2651.0,2665.0,2686.0,2722.0,2755.0,2797.0,2834.0,2865.0,2883.0,2924.0,2979.0,3032.0,3079.0,3122.0,3165.0,3190.0,3232.0,3312.0,3389.0,3497.0,3603.0,3702.0,3749.0,3831.0,3954.0,4058.0,4195.0,4309.0,4420.0,4470.0,4558.0,4694.0,4816.0,5007.0,5191.0,5350.0,5388.0,5487.0,5690.0,5865.0,6103.0,6330.0,6498.0,6673.0,6764.0,7120.0,7507.0,7872.0,8252.0,8663.0,8832.0,9231.0
SK,Slovakia,48.669026,19.699024,0.0,0.0,0.0,0.0,0.0,0.0,0.0,0.0,0.0,0.0,0.0,0.0,0.0,0.0,0.0,0.0,0.0,0.0,0.0,0.0,0.0,0.0,0.0,0.0,0.0,0.0,0.0,0.0,0.0,0.0,0.0,0.0,0.0,0.0,0.0,0.0,0.0,0.0,0.0,0.0,0.0,0.0,0.0,0.0,1.0,1.0,3.0,3.0,7.0,10.0,16.0,32.0,44.0,54.0,63.0,72.0,105.0,123.0,137.0,178.0,185.0,186.0,204.0,216.0,226.0,269.0,292.0,314.0,336.0,363.0,400.0,426.0,450.0,471.0,485.0,534.0,581.0,682.0,701.0,715.0,728.0,742.0,769.0,835.0,863.0,977.0,1049.0,1089.0,1161.0,1173.0,1199.0,1244.0,1325.0,1360.0,1373.0,1379.0,1381.0,1384.0,1391.0,1396.0,1403.0,1407.0,1408.0,1413.0,1421.0,1429.0,1445.0,1455.0,1455.0,1457.0,1457.0,1465.0,1469.0,1477.0,1480.0,1493.0,1494.0,1495.0,1495.0,1496.0,1502.0,1503.0,1504.0,1509.0,1511.0,1513.0,1515.0,1520.0,1520.0,1521.0,1521.0,1522.0,1522.0,1525.0,1526.0,1526.0,1528.0,1528.0,1530.0,1531.0,1533.0,1541.0,1542.0,1545.0,1548.0,1552.0,1552.0,1561.0,1562.0,1576.0,1586.0,1587.0,1588.0,1589.0,1607.0,1630.0,1643.0,1657.0,1664.0,1665.0,1667.0,1687.0,1700.0,1720.0,1749.0,1764.0,1765.0,1767.0,1798.0,1851.0,1870.0,1893.0,1901.0,1902.0,1908.0,1927.0,1951.0,1965.0,1976.0,1979.0,1980.0,2021.0,2058.0,2089.0,2118.0,2141.0,2179.0,2181.0,2204.0,2245.0,2265.0,2292.0,2337.0,2344.0,2354.0,2368.0,2417.0,2480.0,2523.0,2566.0,2596.0,2599.0,2615.0,2690.0,2739.0,2801.0,2855.0,2902.0,2907.0,2922.0,3022.0,3102.0,3225.0,3316.0,3356.0,3424.0,3452.0,3536.0,3626.0,3728.0,3842.0,3876.0,3917.0,3989.0,4042.0,4163.0,4300.0,4526.0,4614.0,4636.0,4727.0,4888.0,5066.0,5252.0,5453.0,5532.0,5580.0,5768.0,5860.0,6021.0,6256.0,6546.0,6677.0,6756.0,6931.0,7269.0,7629.0,8048.0,8600.0,9078.0,9343.0,9574.0,10141.0,10938.0,11617.0,12321.0,13139.0,13492.0,13812.0,14689.0,15726.0,16910.0,18797.0,19851.0,20355.0,20886.0
SM,San Marino,43.94236,12.457777,0.0,0.0,0.0,0.0,0.0,0.0,0.0,0.0,0.0,0.0,0.0,0.0,0.0,0.0,0.0,0.0,0.0,0.0,0.0,0.0,0.0,0.0,0.0,0.0,0.0,0.0,0.0,0.0,0.0,0.0,0.0,0.0,0.0,0.0,0.0,0.0,1.0,1.0,1.0,1.0,8.0,10.0,16.0,21.0,21.0,23.0,36.0,36.0,51.0,62.0,69.0,80.0,80.0,101.0,109.0,109.0,119.0,119.0,144.0,144.0,175.0,187.0,187.0,208.0,208.0,223.0,224.0,224.0,230.0,236.0,236.0,245.0,245.0,259.0,266.0,266.0,279.0,279.0,333.0,344.0,356.0,356.0,356.0,371.0,372.0,426.0,435.0,455.0,461.0,462.0,476.0,488.0,501.0,513.0,513.0,538.0,538.0,553.0,563.0,569.0,580.0,580.0,582.0,582.0,589.0,608.0,622.0,623.0,637.0,628.0,628.0,638.0,643.0,648.0,652.0,653.0,654.0,654.0,655.0,656.0,658.0,661.0,665.0,665.0,666.0,666.0,667.0,670.0,671.0,671.0,671.0,671.0,672.0,674.0,678.0,680.0,680.0,680.0,687.0,688.0,691.0,691.0,694.0,694.0,694.0,694.0,694.0,696.0,696.0,696.0,696.0,696.0,697.0,698.0,698.0,698.0,698.0,698.0,698.0,698.0,698.0,698.0,698.0,698.0,698.0,698.0,698.0,698.0,698.0,699.0,699.0,699.0,699.0,699.0,699.0,699.0,699.0,699.0,699.0,699.0,699.0,699.0,699.0,699.0,699.0,699.0,699.0,699.0,699.0,699.0,699.0,699.0,699.0,699.0,699.0,699.0,699.0,699.0,699.0,699.0,699.0,699.0,699.0,699.0,699.0,699.0,699.0,699.0,699.0,702.0,704.0,704.0,704.0,704.0,704.0,704.0,710.0,710.0,710.0,710.0,710.0,710.0,715.0,715.0,735.0,735.0,735.0,716.0,716.0,716.0,716.0,722.0,722.0,722.0,722.0,722.0,722.0,723.0,723.0,723.0,723.0,723.0,723.0,723.0,723.0,723.0,727.0,727.0,727.0,727.0,727.0,727.0,732.0,732.0,732.0,732.0,732.0,732.0,732.0,732.0,741.0,741.0,741.0,741.0,741.0,741.0
TR,Turkey,38.963745,35.243322,0.0,0.0,0.0,0.0,0.0,0.0,0.0,0.0,0.0,0.0,0.0,0.0,0.0,0.0,0.0,0.0,0.0,0.0,0.0,0.0,0.0,0.0,0.0,0.0,0.0,0.0,0.0,0.0,0.0,0.0,0.0,0.0,0.0,0.0,0.0,0.0,0.0,0.0,0.0,0.0,0.0,0.0,0.0,0.0,0.0,0.0,0.0,0.0,0.0,1.0,1.0,5.0,5.0,6.0,18.0,47.0,98.0,192.0,359.0,670.0,1236.0,1529.0,1872.0,2433.0,3629.0,5698.0,7402.0,9217.0,10827.0,13531.0,15679.0,18135.0,20921.0,23934.0,27069.0,30217.0,34109.0,38226.0,42282.0,47029.0,52167.0,56956.0,61049.0,65111.0,69392.0,74193.0,78546.0,82329.0,86306.0,90980.0,95591.0,98674.0,101790.0,104912.0,107773.0,110130.0,112261.0,114653.0,117589.0,120204.0,122392.0,124375.0,126045.0,127659.0,129491.0,131744.0,133721.0,135569.0,137115.0,138657.0,139771.0,141475.0,143114.0,144749.0,146457.0,148067.0,149435.0,150593.0,151615.0,152587.0,153548.0,154500.0,155686.0,156827.0,157814.0,158762.0,159797.0,160979.0,162120.0,163103.0,163942.0,164769.0,165555.0,166422.0,167410.0,168340.0,169218.0,170132.0,171121.0,172114.0,173036.0,174023.0,175218.0,176677.0,178239.0,179831.0,181298.0,182727.0,184031.0,185245.0,186493.0,187685.0,188897.0,190165.0,191657.0,193115.0,194511.0,195883.0,197239.0,198613.0,199906.0,201098.0,202284.0,203456.0,204610.0,205758.0,206844.0,207897.0,208938.0,209962.0,210965.0,211981.0,212993.0,214001.0,214993.0,215940.0,216873.0,217799.0,218717.0,219641.0,220572.0,221500.0,222402.0,223315.0,224252.0,225173.0,226100.0,227019.0,227982.0,228924.0,229891.0,230873.0,231869.0,232856.0,233851.0,234934.0,236112.0,237265.0,238450.0,239622.0,240804.0,241997.0,243180.0,244392.0,245635.0,246861.0,248117.0,249309.0,250542.0,251805.0,253108.0,254520.0,255723.0,257032.0,258249.0,259692.0,261194.0,262507.0,263998.0,265515.0,267064.0,268546.0,270133.0,271705.0,273301.0,274943.0,276555.0,278228.0,279806.0,281509.0,283270.0,284943.0,286455.0,288126.0,289635.0,291162.0,292878.0,294620.0,296391.0,298039.0,299810.0,301348.0,302867.0,304610.0,306302.0,308069.0,309790.0,311455.0,312966.0,314433.0,315845.0,317272.0,318663.0,320070.0,321512.0,323014.0,324443.0,326046.0,327557.0,329138.0,330753.0,332382.0,334031.0,335533.0,337147.0,338779.0
UA,Ukraine,48.379433,31.16558,0.0,0.0,0.0,0.0,0.0,0.0,0.0,0.0,0.0,0.0,0.0,0.0,0.0,0.0,0.0,0.0,0.0,0.0,0.0,0.0,0.0,0.0,0.0,0.0,0.0,0.0,0.0,0.0,0.0,0.0,0.0,0.0,0.0,0.0,0.0,0.0,0.0,0.0,0.0,0.0,0.0,1.0,1.0,1.0,1.0,1.0,1.0,1.0,1.0,1.0,1.0,3.0,3.0,3.0,7.0,14.0,14.0,16.0,29.0,47.0,73.0,73.0,97.0,145.0,196.0,310.0,356.0,475.0,548.0,645.0,794.0,897.0,1072.0,1225.0,1308.0,1319.0,1462.0,1668.0,1892.0,2203.0,2511.0,2777.0,3102.0,3372.0,3764.0,4161.0,4662.0,5106.0,5449.0,5710.0,6125.0,6592.0,7170.0,7647.0,8125.0,8617.0,9009.0,9410.0,9866.0,10406.0,10861.0,11411.0,11913.0,12331.0,12697.0,13184.0,13691.0,14195.0,14710.0,15232.0,15648.0,16023.0,16425.0,16847.0,17330.0,17858.0,18291.0,18616.0,18876.0,19230.0,19706.0,20148.0,20580.0,20986.0,21245.0,21584.0,21905.0,22382.0,22811.0,23204.0,23672.0,24562.0,24895.0,25385.0,25981.0,26542.0,27101.0,27599.0,28077.0,28479.0,29015.0,29706.0,30415.0,31177.0,31851.0,32536.0,33209.0,33986.0,34833.0,35755.0,36615.0,37361.0,38056.0,38901.0,39852.0,40854.0,41975.0,42932.0,43856.0,44538.0,45254.0,45924.0,46821.0,47705.0,48628.0,49468.0,50053.0,50622.0,51457.0,52285.0,53116.0,53941.0,54647.0,55285.0,55931.0,56779.0,57640.0,58466.0,59333.0,60077.0,60767.0,61454.0,62295.0,63169.0,64173.0,65317.0,66261.0,67096.0,68030.0,69078.0,70300.0,71404.0,72609.0,73761.0,74781.0,75880.0,77169.0,78515.0,80018.0,81534.0,82767.0,83812.0,85023.0,86504.0,88136.0,89917.0,91795.0,93490.0,95007.0,96653.0,98658.0,100810.0,102948.0,105337.0,107379.0,109234.0,110949.0,112653.0,114663.0,117172.0,119751.0,121930.0,124132.0,126279.0,128833.0,131300.0,134069.0,136966.0,139171.0,141424.0,143914.0,146511.0,149146.0,152373.0,155558.0,158122.0,160679.0,163678.0,166694.0,170373.0,173703.0,177048.0,180119.0,182900.0,185890.0,189488.0,192966.0,196631.0,200566.0,203799.0,206579.0,210309.0,214446.0,218625.0,223376.0,228161.0,232424.0,236329.0,240811.0,245698.0,251243.0,257204.0,263105.0,268065.0,272671.0,277982.0
